"","Plate_row","Plate_col.x","flourescence","filename","timepoint","plate","Well","time","Date","Treatment","PlateID","Age","Plate_num","Plate_col.y","Family","Type","Count","Note","X"
"1","A","1",886,"Resaz_plate1_high_T0_260320_131142","T0","1","A1",2026-07-13 13:11:00,20260320,"38C","plate1_high",NA,NA,NA,NA,NA,NA,NA,NA
"2","A","2",874,"Resaz_plate1_high_T0_260320_131142","T0","1","A2",2026-07-13 13:11:00,20260320,"38C","plate1_high",NA,NA,NA,NA,NA,NA,NA,NA
"3","A","3",948,"Resaz_plate1_high_T0_260320_131142","T0","1","A3",2026-07-13 13:11:00,20260320,"38C","plate1_high",NA,NA,NA,NA,NA,NA,NA,NA
"4","A","4",850,"Resaz_plate1_high_T0_260320_131142","T0","1","A4",2026-07-13 13:11:00,20260320,"38C","plate1_high",NA,NA,NA,NA,NA,NA,NA,NA
"5","A","5",978,"Resaz_plate1_high_T0_260320_131142","T0","1","A5",2026-07-13 13:11:00,20260320,"38C","plate1_high",NA,NA,NA,NA,NA,NA,NA,NA
"6","A","6",902,"Resaz_plate1_high_T0_260320_131142","T0","1","A6",2026-07-13 13:11:00,20260320,"38C","plate1_high",NA,NA,NA,NA,NA,NA,NA,NA
"7","A","7",1043,"Resaz_plate1_high_T0_260320_131142","T0","1","A7",2026-07-13 13:11:00,20260320,"38C","plate1_high",NA,NA,NA,NA,NA,NA,NA,NA
"8","A","8",864,"Resaz_plate1_high_T0_260320_131142","T0","1","A8",2026-07-13 13:11:00,20260320,"38C","plate1_high",NA,NA,NA,NA,NA,NA,NA,NA
"9","A","9",848,"Resaz_plate1_high_T0_260320_131142","T0","1","A9",2026-07-13 13:11:00,20260320,"38C","plate1_high",NA,NA,NA,NA,NA,NA,NA,NA
"10","A","10",1014,"Resaz_plate1_high_T0_260320_131142","T0","1","A10",2026-07-13 13:11:00,20260320,"38C","plate1_high",NA,NA,NA,NA,NA,NA,NA,NA
"11","A","11",964,"Resaz_plate1_high_T0_260320_131142","T0","1","A11",2026-07-13 13:11:00,20260320,"38C","plate1_high",NA,NA,NA,NA,NA,NA,NA,NA
"12","A","12",1020,"Resaz_plate1_high_T0_260320_131142","T0","1","A12",2026-07-13 13:11:00,20260320,"38C","plate1_high",NA,NA,NA,NA,NA,NA,NA,NA
"13","B","1",1230,"Resaz_plate1_high_T0_260320_131142","T0","1","B1",2026-07-13 13:11:00,20260320,"38C","plate1_high",NA,NA,NA,NA,NA,NA,NA,NA
"14","B","2",902,"Resaz_plate1_high_T0_260320_131142","T0","1","B2",2026-07-13 13:11:00,20260320,"38C","plate1_high",NA,NA,NA,NA,NA,NA,NA,NA
"15","B","3",995,"Resaz_plate1_high_T0_260320_131142","T0","1","B3",2026-07-13 13:11:00,20260320,"38C","plate1_high",NA,NA,NA,NA,NA,NA,NA,NA
"16","B","4",880,"Resaz_plate1_high_T0_260320_131142","T0","1","B4",2026-07-13 13:11:00,20260320,"38C","plate1_high",NA,NA,NA,NA,NA,NA,NA,NA
"17","B","5",1018,"Resaz_plate1_high_T0_260320_131142","T0","1","B5",2026-07-13 13:11:00,20260320,"38C","plate1_high",NA,NA,NA,NA,NA,NA,NA,NA
"18","B","6",908,"Resaz_plate1_high_T0_260320_131142","T0","1","B6",2026-07-13 13:11:00,20260320,"38C","plate1_high",NA,NA,NA,NA,NA,NA,NA,NA
"19","B","7",906,"Resaz_plate1_high_T0_260320_131142","T0","1","B7",2026-07-13 13:11:00,20260320,"38C","plate1_high",NA,NA,NA,NA,NA,NA,NA,NA
"20","B","8",906,"Resaz_plate1_high_T0_260320_131142","T0","1","B8",2026-07-13 13:11:00,20260320,"38C","plate1_high",NA,NA,NA,NA,NA,NA,NA,NA
"21","B","9",868,"Resaz_plate1_high_T0_260320_131142","T0","1","B9",2026-07-13 13:11:00,20260320,"38C","plate1_high",NA,NA,NA,NA,NA,NA,NA,NA
"22","B","10",1276,"Resaz_plate1_high_T0_260320_131142","T0","1","B10",2026-07-13 13:11:00,20260320,"38C","plate1_high",NA,NA,NA,NA,NA,NA,NA,NA
"23","B","11",1344,"Resaz_plate1_high_T0_260320_131142","T0","1","B11",2026-07-13 13:11:00,20260320,"38C","plate1_high",NA,NA,NA,NA,NA,NA,NA,NA
"24","B","12",927,"Resaz_plate1_high_T0_260320_131142","T0","1","B12",2026-07-13 13:11:00,20260320,"38C","plate1_high",NA,NA,NA,NA,NA,NA,NA,NA
"25","C","1",1075,"Resaz_plate1_high_T0_260320_131142","T0","1","C1",2026-07-13 13:11:00,20260320,"38C","plate1_high",NA,NA,NA,NA,NA,NA,NA,NA
"26","C","2",992,"Resaz_plate1_high_T0_260320_131142","T0","1","C2",2026-07-13 13:11:00,20260320,"38C","plate1_high",NA,NA,NA,NA,NA,NA,NA,NA
"27","C","3",1471,"Resaz_plate1_high_T0_260320_131142","T0","1","C3",2026-07-13 13:11:00,20260320,"38C","plate1_high",NA,NA,NA,NA,NA,NA,NA,NA
"28","C","4",919,"Resaz_plate1_high_T0_260320_131142","T0","1","C4",2026-07-13 13:11:00,20260320,"38C","plate1_high",NA,NA,NA,NA,NA,NA,NA,NA
"29","C","5",1016,"Resaz_plate1_high_T0_260320_131142","T0","1","C5",2026-07-13 13:11:00,20260320,"38C","plate1_high",NA,NA,NA,NA,NA,NA,NA,NA
"30","C","6",996,"Resaz_plate1_high_T0_260320_131142","T0","1","C6",2026-07-13 13:11:00,20260320,"38C","plate1_high",NA,NA,NA,NA,NA,NA,NA,NA
"31","C","7",943,"Resaz_plate1_high_T0_260320_131142","T0","1","C7",2026-07-13 13:11:00,20260320,"38C","plate1_high",NA,NA,NA,NA,NA,NA,NA,NA
"32","C","8",968,"Resaz_plate1_high_T0_260320_131142","T0","1","C8",2026-07-13 13:11:00,20260320,"38C","plate1_high",NA,NA,NA,NA,NA,NA,NA,NA
"33","C","9",933,"Resaz_plate1_high_T0_260320_131142","T0","1","C9",2026-07-13 13:11:00,20260320,"38C","plate1_high",NA,NA,NA,NA,NA,NA,NA,NA
"34","C","10",1020,"Resaz_plate1_high_T0_260320_131142","T0","1","C10",2026-07-13 13:11:00,20260320,"38C","plate1_high",NA,NA,NA,NA,NA,NA,NA,NA
"35","C","11",920,"Resaz_plate1_high_T0_260320_131142","T0","1","C11",2026-07-13 13:11:00,20260320,"38C","plate1_high",NA,NA,NA,NA,NA,NA,NA,NA
"36","C","12",924,"Resaz_plate1_high_T0_260320_131142","T0","1","C12",2026-07-13 13:11:00,20260320,"38C","plate1_high",NA,NA,NA,NA,NA,NA,NA,NA
"37","D","1",1223,"Resaz_plate1_high_T0_260320_131142","T0","1","D1",2026-07-13 13:11:00,20260320,"38C","plate1_high",NA,NA,NA,NA,NA,NA,NA,NA
"38","D","2",912,"Resaz_plate1_high_T0_260320_131142","T0","1","D2",2026-07-13 13:11:00,20260320,"38C","plate1_high",NA,NA,NA,NA,NA,NA,NA,NA
"39","D","3",1094,"Resaz_plate1_high_T0_260320_131142","T0","1","D3",2026-07-13 13:11:00,20260320,"38C","plate1_high",NA,NA,NA,NA,NA,NA,NA,NA
"40","D","4",891,"Resaz_plate1_high_T0_260320_131142","T0","1","D4",2026-07-13 13:11:00,20260320,"38C","plate1_high",NA,NA,NA,NA,NA,NA,NA,NA
"41","D","5",1033,"Resaz_plate1_high_T0_260320_131142","T0","1","D5",2026-07-13 13:11:00,20260320,"38C","plate1_high",NA,NA,NA,NA,NA,NA,NA,NA
"42","D","6",1049,"Resaz_plate1_high_T0_260320_131142","T0","1","D6",2026-07-13 13:11:00,20260320,"38C","plate1_high",NA,NA,NA,NA,NA,NA,NA,NA
"43","D","7",990,"Resaz_plate1_high_T0_260320_131142","T0","1","D7",2026-07-13 13:11:00,20260320,"38C","plate1_high",NA,NA,NA,NA,NA,NA,NA,NA
"44","D","8",963,"Resaz_plate1_high_T0_260320_131142","T0","1","D8",2026-07-13 13:11:00,20260320,"38C","plate1_high",NA,NA,NA,NA,NA,NA,NA,NA
"45","D","9",916,"Resaz_plate1_high_T0_260320_131142","T0","1","D9",2026-07-13 13:11:00,20260320,"38C","plate1_high",NA,NA,NA,NA,NA,NA,NA,NA
"46","D","10",1039,"Resaz_plate1_high_T0_260320_131142","T0","1","D10",2026-07-13 13:11:00,20260320,"38C","plate1_high",NA,NA,NA,NA,NA,NA,NA,NA
"47","D","11",894,"Resaz_plate1_high_T0_260320_131142","T0","1","D11",2026-07-13 13:11:00,20260320,"38C","plate1_high",NA,NA,NA,NA,NA,NA,NA,NA
"48","D","12",893,"Resaz_plate1_high_T0_260320_131142","T0","1","D12",2026-07-13 13:11:00,20260320,"38C","plate1_high",NA,NA,NA,NA,NA,NA,NA,NA
"49","E","1",885,"Resaz_plate1_high_T0_260320_131142","T0","1","E1",2026-07-13 13:11:00,20260320,"38C","plate1_high",NA,NA,NA,NA,NA,NA,NA,NA
"50","E","2",947,"Resaz_plate1_high_T0_260320_131142","T0","1","E2",2026-07-13 13:11:00,20260320,"38C","plate1_high",NA,NA,NA,NA,NA,NA,NA,NA
"51","E","3",924,"Resaz_plate1_high_T0_260320_131142","T0","1","E3",2026-07-13 13:11:00,20260320,"38C","plate1_high",NA,NA,NA,NA,NA,NA,NA,NA
"52","E","4",906,"Resaz_plate1_high_T0_260320_131142","T0","1","E4",2026-07-13 13:11:00,20260320,"38C","plate1_high",NA,NA,NA,NA,NA,NA,NA,NA
"53","E","5",1113,"Resaz_plate1_high_T0_260320_131142","T0","1","E5",2026-07-13 13:11:00,20260320,"38C","plate1_high",NA,NA,NA,NA,NA,NA,NA,NA
"54","E","6",943,"Resaz_plate1_high_T0_260320_131142","T0","1","E6",2026-07-13 13:11:00,20260320,"38C","plate1_high",NA,NA,NA,NA,NA,NA,NA,NA
"55","E","7",934,"Resaz_plate1_high_T0_260320_131142","T0","1","E7",2026-07-13 13:11:00,20260320,"38C","plate1_high",NA,NA,NA,NA,NA,NA,NA,NA
"56","E","8",979,"Resaz_plate1_high_T0_260320_131142","T0","1","E8",2026-07-13 13:11:00,20260320,"38C","plate1_high",NA,NA,NA,NA,NA,NA,NA,NA
"57","E","9",904,"Resaz_plate1_high_T0_260320_131142","T0","1","E9",2026-07-13 13:11:00,20260320,"38C","plate1_high",NA,NA,NA,NA,NA,NA,NA,NA
"58","E","10",946,"Resaz_plate1_high_T0_260320_131142","T0","1","E10",2026-07-13 13:11:00,20260320,"38C","plate1_high",NA,NA,NA,NA,NA,NA,NA,NA
"59","E","11",928,"Resaz_plate1_high_T0_260320_131142","T0","1","E11",2026-07-13 13:11:00,20260320,"38C","plate1_high",NA,NA,NA,NA,NA,NA,NA,NA
"60","E","12",861,"Resaz_plate1_high_T0_260320_131142","T0","1","E12",2026-07-13 13:11:00,20260320,"38C","plate1_high",NA,NA,NA,NA,NA,NA,NA,NA
"61","F","1",1108,"Resaz_plate1_high_T0_260320_131142","T0","1","F1",2026-07-13 13:11:00,20260320,"38C","plate1_high",NA,NA,NA,NA,NA,NA,NA,NA
"62","F","2",950,"Resaz_plate1_high_T0_260320_131142","T0","1","F2",2026-07-13 13:11:00,20260320,"38C","plate1_high",NA,NA,NA,NA,NA,NA,NA,NA
"63","F","3",967,"Resaz_plate1_high_T0_260320_131142","T0","1","F3",2026-07-13 13:11:00,20260320,"38C","plate1_high",NA,NA,NA,NA,NA,NA,NA,NA
"64","F","4",1029,"Resaz_plate1_high_T0_260320_131142","T0","1","F4",2026-07-13 13:11:00,20260320,"38C","plate1_high",NA,NA,NA,NA,NA,NA,NA,NA
"65","F","5",1094,"Resaz_plate1_high_T0_260320_131142","T0","1","F5",2026-07-13 13:11:00,20260320,"38C","plate1_high",NA,NA,NA,NA,NA,NA,NA,NA
"66","F","6",958,"Resaz_plate1_high_T0_260320_131142","T0","1","F6",2026-07-13 13:11:00,20260320,"38C","plate1_high",NA,NA,NA,NA,NA,NA,NA,NA
"67","F","7",893,"Resaz_plate1_high_T0_260320_131142","T0","1","F7",2026-07-13 13:11:00,20260320,"38C","plate1_high",NA,NA,NA,NA,NA,NA,NA,NA
"68","F","8",1009,"Resaz_plate1_high_T0_260320_131142","T0","1","F8",2026-07-13 13:11:00,20260320,"38C","plate1_high",NA,NA,NA,NA,NA,NA,NA,NA
"69","F","9",918,"Resaz_plate1_high_T0_260320_131142","T0","1","F9",2026-07-13 13:11:00,20260320,"38C","plate1_high",NA,NA,NA,NA,NA,NA,NA,NA
"70","F","10",908,"Resaz_plate1_high_T0_260320_131142","T0","1","F10",2026-07-13 13:11:00,20260320,"38C","plate1_high",NA,NA,NA,NA,NA,NA,NA,NA
"71","F","11",951,"Resaz_plate1_high_T0_260320_131142","T0","1","F11",2026-07-13 13:11:00,20260320,"38C","plate1_high",NA,NA,NA,NA,NA,NA,NA,NA
"72","F","12",895,"Resaz_plate1_high_T0_260320_131142","T0","1","F12",2026-07-13 13:11:00,20260320,"38C","plate1_high",NA,NA,NA,NA,NA,NA,NA,NA
"73","G","1",1342,"Resaz_plate1_high_T0_260320_131142","T0","1","G1",2026-07-13 13:11:00,20260320,"38C","plate1_high",NA,NA,NA,NA,NA,NA,NA,NA
"74","G","2",946,"Resaz_plate1_high_T0_260320_131142","T0","1","G2",2026-07-13 13:11:00,20260320,"38C","plate1_high",NA,NA,NA,NA,NA,NA,NA,NA
"75","G","3",934,"Resaz_plate1_high_T0_260320_131142","T0","1","G3",2026-07-13 13:11:00,20260320,"38C","plate1_high",NA,NA,NA,NA,NA,NA,NA,NA
"76","G","4",910,"Resaz_plate1_high_T0_260320_131142","T0","1","G4",2026-07-13 13:11:00,20260320,"38C","plate1_high",NA,NA,NA,NA,NA,NA,NA,NA
"77","G","5",983,"Resaz_plate1_high_T0_260320_131142","T0","1","G5",2026-07-13 13:11:00,20260320,"38C","plate1_high",NA,NA,NA,NA,NA,NA,NA,NA
"78","G","6",1067,"Resaz_plate1_high_T0_260320_131142","T0","1","G6",2026-07-13 13:11:00,20260320,"38C","plate1_high",NA,NA,NA,NA,NA,NA,NA,NA
"79","G","7",819,"Resaz_plate1_high_T0_260320_131142","T0","1","G7",2026-07-13 13:11:00,20260320,"38C","plate1_high",NA,NA,NA,NA,NA,NA,NA,NA
"80","G","8",939,"Resaz_plate1_high_T0_260320_131142","T0","1","G8",2026-07-13 13:11:00,20260320,"38C","plate1_high",NA,NA,NA,NA,NA,NA,NA,NA
"81","G","9",898,"Resaz_plate1_high_T0_260320_131142","T0","1","G9",2026-07-13 13:11:00,20260320,"38C","plate1_high",NA,NA,NA,NA,NA,NA,NA,NA
"82","G","10",997,"Resaz_plate1_high_T0_260320_131142","T0","1","G10",2026-07-13 13:11:00,20260320,"38C","plate1_high",NA,NA,NA,NA,NA,NA,NA,NA
"83","G","11",928,"Resaz_plate1_high_T0_260320_131142","T0","1","G11",2026-07-13 13:11:00,20260320,"38C","plate1_high",NA,NA,NA,NA,NA,NA,NA,NA
"84","G","12",876,"Resaz_plate1_high_T0_260320_131142","T0","1","G12",2026-07-13 13:11:00,20260320,"38C","plate1_high",NA,NA,NA,NA,NA,NA,NA,NA
"85","H","1",806,"Resaz_plate1_high_T0_260320_131142","T0","1","H1",2026-07-13 13:11:00,20260320,"38C","plate1_high",NA,NA,NA,NA,NA,NA,NA,NA
"86","H","2",871,"Resaz_plate1_high_T0_260320_131142","T0","1","H2",2026-07-13 13:11:00,20260320,"38C","plate1_high",NA,NA,NA,NA,NA,NA,NA,NA
"87","H","3",862,"Resaz_plate1_high_T0_260320_131142","T0","1","H3",2026-07-13 13:11:00,20260320,"38C","plate1_high",NA,NA,NA,NA,NA,NA,NA,NA
"88","H","4",879,"Resaz_plate1_high_T0_260320_131142","T0","1","H4",2026-07-13 13:11:00,20260320,"38C","plate1_high",NA,NA,NA,NA,NA,NA,NA,NA
"89","H","5",961,"Resaz_plate1_high_T0_260320_131142","T0","1","H5",2026-07-13 13:11:00,20260320,"38C","plate1_high",NA,NA,NA,NA,NA,NA,NA,NA
"90","H","6",873,"Resaz_plate1_high_T0_260320_131142","T0","1","H6",2026-07-13 13:11:00,20260320,"38C","plate1_high",NA,NA,NA,NA,NA,NA,NA,NA
"91","H","7",806,"Resaz_plate1_high_T0_260320_131142","T0","1","H7",2026-07-13 13:11:00,20260320,"38C","plate1_high",NA,NA,NA,NA,NA,NA,NA,NA
"92","H","8",919,"Resaz_plate1_high_T0_260320_131142","T0","1","H8",2026-07-13 13:11:00,20260320,"38C","plate1_high",NA,NA,NA,NA,NA,NA,NA,NA
"93","H","9",892,"Resaz_plate1_high_T0_260320_131142","T0","1","H9",2026-07-13 13:11:00,20260320,"38C","plate1_high",NA,NA,NA,NA,NA,NA,NA,NA
"94","H","10",824,"Resaz_plate1_high_T0_260320_131142","T0","1","H10",2026-07-13 13:11:00,20260320,"38C","plate1_high",NA,NA,NA,NA,NA,NA,NA,NA
"95","H","11",924,"Resaz_plate1_high_T0_260320_131142","T0","1","H11",2026-07-13 13:11:00,20260320,"38C","plate1_high",NA,NA,NA,NA,NA,NA,NA,NA
"96","H","12",817,"Resaz_plate1_high_T0_260320_131142","T0","1","H12",2026-07-13 13:11:00,20260320,"38C","plate1_high",NA,NA,NA,NA,NA,NA,NA,NA
"97","A","1",914,"Resaz_plate1_high_T1_260320_1424","T1","1","A1",2026-07-13 14:24:00,20260320,"38C","plate1_high",NA,NA,NA,NA,NA,NA,NA,NA
"98","A","2",917,"Resaz_plate1_high_T1_260320_1424","T1","1","A2",2026-07-13 14:24:00,20260320,"38C","plate1_high",NA,NA,NA,NA,NA,NA,NA,NA
"99","A","3",986,"Resaz_plate1_high_T1_260320_1424","T1","1","A3",2026-07-13 14:24:00,20260320,"38C","plate1_high",NA,NA,NA,NA,NA,NA,NA,NA
"100","A","4",917,"Resaz_plate1_high_T1_260320_1424","T1","1","A4",2026-07-13 14:24:00,20260320,"38C","plate1_high",NA,NA,NA,NA,NA,NA,NA,NA
"101","A","5",1072,"Resaz_plate1_high_T1_260320_1424","T1","1","A5",2026-07-13 14:24:00,20260320,"38C","plate1_high",NA,NA,NA,NA,NA,NA,NA,NA
"102","A","6",977,"Resaz_plate1_high_T1_260320_1424","T1","1","A6",2026-07-13 14:24:00,20260320,"38C","plate1_high",NA,NA,NA,NA,NA,NA,NA,NA
"103","A","7",1126,"Resaz_plate1_high_T1_260320_1424","T1","1","A7",2026-07-13 14:24:00,20260320,"38C","plate1_high",NA,NA,NA,NA,NA,NA,NA,NA
"104","A","8",924,"Resaz_plate1_high_T1_260320_1424","T1","1","A8",2026-07-13 14:24:00,20260320,"38C","plate1_high",NA,NA,NA,NA,NA,NA,NA,NA
"105","A","9",889,"Resaz_plate1_high_T1_260320_1424","T1","1","A9",2026-07-13 14:24:00,20260320,"38C","plate1_high",NA,NA,NA,NA,NA,NA,NA,NA
"106","A","10",1086,"Resaz_plate1_high_T1_260320_1424","T1","1","A10",2026-07-13 14:24:00,20260320,"38C","plate1_high",NA,NA,NA,NA,NA,NA,NA,NA
"107","A","11",1047,"Resaz_plate1_high_T1_260320_1424","T1","1","A11",2026-07-13 14:24:00,20260320,"38C","plate1_high",NA,NA,NA,NA,NA,NA,NA,NA
"108","A","12",1155,"Resaz_plate1_high_T1_260320_1424","T1","1","A12",2026-07-13 14:24:00,20260320,"38C","plate1_high",NA,NA,NA,NA,NA,NA,NA,NA
"109","B","1",1351,"Resaz_plate1_high_T1_260320_1424","T1","1","B1",2026-07-13 14:24:00,20260320,"38C","plate1_high",NA,NA,NA,NA,NA,NA,NA,NA
"110","B","2",960,"Resaz_plate1_high_T1_260320_1424","T1","1","B2",2026-07-13 14:24:00,20260320,"38C","plate1_high",NA,NA,NA,NA,NA,NA,NA,NA
"111","B","3",1033,"Resaz_plate1_high_T1_260320_1424","T1","1","B3",2026-07-13 14:24:00,20260320,"38C","plate1_high",NA,NA,NA,NA,NA,NA,NA,NA
"112","B","4",955,"Resaz_plate1_high_T1_260320_1424","T1","1","B4",2026-07-13 14:24:00,20260320,"38C","plate1_high",NA,NA,NA,NA,NA,NA,NA,NA
"113","B","5",1080,"Resaz_plate1_high_T1_260320_1424","T1","1","B5",2026-07-13 14:24:00,20260320,"38C","plate1_high",NA,NA,NA,NA,NA,NA,NA,NA
"114","B","6",970,"Resaz_plate1_high_T1_260320_1424","T1","1","B6",2026-07-13 14:24:00,20260320,"38C","plate1_high",NA,NA,NA,NA,NA,NA,NA,NA
"115","B","7",957,"Resaz_plate1_high_T1_260320_1424","T1","1","B7",2026-07-13 14:24:00,20260320,"38C","plate1_high",NA,NA,NA,NA,NA,NA,NA,NA
"116","B","8",953,"Resaz_plate1_high_T1_260320_1424","T1","1","B8",2026-07-13 14:24:00,20260320,"38C","plate1_high",NA,NA,NA,NA,NA,NA,NA,NA
"117","B","9",916,"Resaz_plate1_high_T1_260320_1424","T1","1","B9",2026-07-13 14:24:00,20260320,"38C","plate1_high",NA,NA,NA,NA,NA,NA,NA,NA
"118","B","10",1322,"Resaz_plate1_high_T1_260320_1424","T1","1","B10",2026-07-13 14:24:00,20260320,"38C","plate1_high",NA,NA,NA,NA,NA,NA,NA,NA
"119","B","11",1412,"Resaz_plate1_high_T1_260320_1424","T1","1","B11",2026-07-13 14:24:00,20260320,"38C","plate1_high",NA,NA,NA,NA,NA,NA,NA,NA
"120","B","12",1027,"Resaz_plate1_high_T1_260320_1424","T1","1","B12",2026-07-13 14:24:00,20260320,"38C","plate1_high",NA,NA,NA,NA,NA,NA,NA,NA
"121","C","1",1104,"Resaz_plate1_high_T1_260320_1424","T1","1","C1",2026-07-13 14:24:00,20260320,"38C","plate1_high",NA,NA,NA,NA,NA,NA,NA,NA
"122","C","2",1103,"Resaz_plate1_high_T1_260320_1424","T1","1","C2",2026-07-13 14:24:00,20260320,"38C","plate1_high",NA,NA,NA,NA,NA,NA,NA,NA
"123","C","3",1549,"Resaz_plate1_high_T1_260320_1424","T1","1","C3",2026-07-13 14:24:00,20260320,"38C","plate1_high",NA,NA,NA,NA,NA,NA,NA,NA
"124","C","4",1011,"Resaz_plate1_high_T1_260320_1424","T1","1","C4",2026-07-13 14:24:00,20260320,"38C","plate1_high",NA,NA,NA,NA,NA,NA,NA,NA
"125","C","5",1125,"Resaz_plate1_high_T1_260320_1424","T1","1","C5",2026-07-13 14:24:00,20260320,"38C","plate1_high",NA,NA,NA,NA,NA,NA,NA,NA
"126","C","6",1087,"Resaz_plate1_high_T1_260320_1424","T1","1","C6",2026-07-13 14:24:00,20260320,"38C","plate1_high",NA,NA,NA,NA,NA,NA,NA,NA
"127","C","7",1012,"Resaz_plate1_high_T1_260320_1424","T1","1","C7",2026-07-13 14:24:00,20260320,"38C","plate1_high",NA,NA,NA,NA,NA,NA,NA,NA
"128","C","8",1050,"Resaz_plate1_high_T1_260320_1424","T1","1","C8",2026-07-13 14:24:00,20260320,"38C","plate1_high",NA,NA,NA,NA,NA,NA,NA,NA
"129","C","9",990,"Resaz_plate1_high_T1_260320_1424","T1","1","C9",2026-07-13 14:24:00,20260320,"38C","plate1_high",NA,NA,NA,NA,NA,NA,NA,NA
"130","C","10",1136,"Resaz_plate1_high_T1_260320_1424","T1","1","C10",2026-07-13 14:24:00,20260320,"38C","plate1_high",NA,NA,NA,NA,NA,NA,NA,NA
"131","C","11",1070,"Resaz_plate1_high_T1_260320_1424","T1","1","C11",2026-07-13 14:24:00,20260320,"38C","plate1_high",NA,NA,NA,NA,NA,NA,NA,NA
"132","C","12",1145,"Resaz_plate1_high_T1_260320_1424","T1","1","C12",2026-07-13 14:24:00,20260320,"38C","plate1_high",NA,NA,NA,NA,NA,NA,NA,NA
"133","D","1",1269,"Resaz_plate1_high_T1_260320_1424","T1","1","D1",2026-07-13 14:24:00,20260320,"38C","plate1_high",NA,NA,NA,NA,NA,NA,NA,NA
"134","D","2",1006,"Resaz_plate1_high_T1_260320_1424","T1","1","D2",2026-07-13 14:24:00,20260320,"38C","plate1_high",NA,NA,NA,NA,NA,NA,NA,NA
"135","D","3",1133,"Resaz_plate1_high_T1_260320_1424","T1","1","D3",2026-07-13 14:24:00,20260320,"38C","plate1_high",NA,NA,NA,NA,NA,NA,NA,NA
"136","D","4",970,"Resaz_plate1_high_T1_260320_1424","T1","1","D4",2026-07-13 14:24:00,20260320,"38C","plate1_high",NA,NA,NA,NA,NA,NA,NA,NA
"137","D","5",1191,"Resaz_plate1_high_T1_260320_1424","T1","1","D5",2026-07-13 14:24:00,20260320,"38C","plate1_high",NA,NA,NA,NA,NA,NA,NA,NA
"138","D","6",1150,"Resaz_plate1_high_T1_260320_1424","T1","1","D6",2026-07-13 14:24:00,20260320,"38C","plate1_high",NA,NA,NA,NA,NA,NA,NA,NA
"139","D","7",1075,"Resaz_plate1_high_T1_260320_1424","T1","1","D7",2026-07-13 14:24:00,20260320,"38C","plate1_high",NA,NA,NA,NA,NA,NA,NA,NA
"140","D","8",1036,"Resaz_plate1_high_T1_260320_1424","T1","1","D8",2026-07-13 14:24:00,20260320,"38C","plate1_high",NA,NA,NA,NA,NA,NA,NA,NA
"141","D","9",973,"Resaz_plate1_high_T1_260320_1424","T1","1","D9",2026-07-13 14:24:00,20260320,"38C","plate1_high",NA,NA,NA,NA,NA,NA,NA,NA
"142","D","10",1133,"Resaz_plate1_high_T1_260320_1424","T1","1","D10",2026-07-13 14:24:00,20260320,"38C","plate1_high",NA,NA,NA,NA,NA,NA,NA,NA
"143","D","11",1043,"Resaz_plate1_high_T1_260320_1424","T1","1","D11",2026-07-13 14:24:00,20260320,"38C","plate1_high",NA,NA,NA,NA,NA,NA,NA,NA
"144","D","12",1125,"Resaz_plate1_high_T1_260320_1424","T1","1","D12",2026-07-13 14:24:00,20260320,"38C","plate1_high",NA,NA,NA,NA,NA,NA,NA,NA
"145","E","1",965,"Resaz_plate1_high_T1_260320_1424","T1","1","E1",2026-07-13 14:24:00,20260320,"38C","plate1_high",NA,NA,NA,NA,NA,NA,NA,NA
"146","E","2",1064,"Resaz_plate1_high_T1_260320_1424","T1","1","E2",2026-07-13 14:24:00,20260320,"38C","plate1_high",NA,NA,NA,NA,NA,NA,NA,NA
"147","E","3",964,"Resaz_plate1_high_T1_260320_1424","T1","1","E3",2026-07-13 14:24:00,20260320,"38C","plate1_high",NA,NA,NA,NA,NA,NA,NA,NA
"148","E","4",1069,"Resaz_plate1_high_T1_260320_1424","T1","1","E4",2026-07-13 14:24:00,20260320,"38C","plate1_high",NA,NA,NA,NA,NA,NA,NA,NA
"149","E","5",1183,"Resaz_plate1_high_T1_260320_1424","T1","1","E5",2026-07-13 14:24:00,20260320,"38C","plate1_high",NA,NA,NA,NA,NA,NA,NA,NA
"150","E","6",1072,"Resaz_plate1_high_T1_260320_1424","T1","1","E6",2026-07-13 14:24:00,20260320,"38C","plate1_high",NA,NA,NA,NA,NA,NA,NA,NA
"151","E","7",1025,"Resaz_plate1_high_T1_260320_1424","T1","1","E7",2026-07-13 14:24:00,20260320,"38C","plate1_high",NA,NA,NA,NA,NA,NA,NA,NA
"152","E","8",1078,"Resaz_plate1_high_T1_260320_1424","T1","1","E8",2026-07-13 14:24:00,20260320,"38C","plate1_high",NA,NA,NA,NA,NA,NA,NA,NA
"153","E","9",958,"Resaz_plate1_high_T1_260320_1424","T1","1","E9",2026-07-13 14:24:00,20260320,"38C","plate1_high",NA,NA,NA,NA,NA,NA,NA,NA
"154","E","10",1099,"Resaz_plate1_high_T1_260320_1424","T1","1","E10",2026-07-13 14:24:00,20260320,"38C","plate1_high",NA,NA,NA,NA,NA,NA,NA,NA
"155","E","11",1090,"Resaz_plate1_high_T1_260320_1424","T1","1","E11",2026-07-13 14:24:00,20260320,"38C","plate1_high",NA,NA,NA,NA,NA,NA,NA,NA
"156","E","12",1053,"Resaz_plate1_high_T1_260320_1424","T1","1","E12",2026-07-13 14:24:00,20260320,"38C","plate1_high",NA,NA,NA,NA,NA,NA,NA,NA
"157","F","1",1193,"Resaz_plate1_high_T1_260320_1424","T1","1","F1",2026-07-13 14:24:00,20260320,"38C","plate1_high",NA,NA,NA,NA,NA,NA,NA,NA
"158","F","2",1034,"Resaz_plate1_high_T1_260320_1424","T1","1","F2",2026-07-13 14:24:00,20260320,"38C","plate1_high",NA,NA,NA,NA,NA,NA,NA,NA
"159","F","3",1017,"Resaz_plate1_high_T1_260320_1424","T1","1","F3",2026-07-13 14:24:00,20260320,"38C","plate1_high",NA,NA,NA,NA,NA,NA,NA,NA
"160","F","4",1212,"Resaz_plate1_high_T1_260320_1424","T1","1","F4",2026-07-13 14:24:00,20260320,"38C","plate1_high",NA,NA,NA,NA,NA,NA,NA,NA
"161","F","5",1244,"Resaz_plate1_high_T1_260320_1424","T1","1","F5",2026-07-13 14:24:00,20260320,"38C","plate1_high",NA,NA,NA,NA,NA,NA,NA,NA
"162","F","6",1096,"Resaz_plate1_high_T1_260320_1424","T1","1","F6",2026-07-13 14:24:00,20260320,"38C","plate1_high",NA,NA,NA,NA,NA,NA,NA,NA
"163","F","7",990,"Resaz_plate1_high_T1_260320_1424","T1","1","F7",2026-07-13 14:24:00,20260320,"38C","plate1_high",NA,NA,NA,NA,NA,NA,NA,NA
"164","F","8",1094,"Resaz_plate1_high_T1_260320_1424","T1","1","F8",2026-07-13 14:24:00,20260320,"38C","plate1_high",NA,NA,NA,NA,NA,NA,NA,NA
"165","F","9",972,"Resaz_plate1_high_T1_260320_1424","T1","1","F9",2026-07-13 14:24:00,20260320,"38C","plate1_high",NA,NA,NA,NA,NA,NA,NA,NA
"166","F","10",1018,"Resaz_plate1_high_T1_260320_1424","T1","1","F10",2026-07-13 14:24:00,20260320,"38C","plate1_high",NA,NA,NA,NA,NA,NA,NA,NA
"167","F","11",1117,"Resaz_plate1_high_T1_260320_1424","T1","1","F11",2026-07-13 14:24:00,20260320,"38C","plate1_high",NA,NA,NA,NA,NA,NA,NA,NA
"168","F","12",1167,"Resaz_plate1_high_T1_260320_1424","T1","1","F12",2026-07-13 14:24:00,20260320,"38C","plate1_high",NA,NA,NA,NA,NA,NA,NA,NA
"169","G","1",1390,"Resaz_plate1_high_T1_260320_1424","T1","1","G1",2026-07-13 14:24:00,20260320,"38C","plate1_high",NA,NA,NA,NA,NA,NA,NA,NA
"170","G","2",1073,"Resaz_plate1_high_T1_260320_1424","T1","1","G2",2026-07-13 14:24:00,20260320,"38C","plate1_high",NA,NA,NA,NA,NA,NA,NA,NA
"171","G","3",1024,"Resaz_plate1_high_T1_260320_1424","T1","1","G3",2026-07-13 14:24:00,20260320,"38C","plate1_high",NA,NA,NA,NA,NA,NA,NA,NA
"172","G","4",1084,"Resaz_plate1_high_T1_260320_1424","T1","1","G4",2026-07-13 14:24:00,20260320,"38C","plate1_high",NA,NA,NA,NA,NA,NA,NA,NA
"173","G","5",1186,"Resaz_plate1_high_T1_260320_1424","T1","1","G5",2026-07-13 14:24:00,20260320,"38C","plate1_high",NA,NA,NA,NA,NA,NA,NA,NA
"174","G","6",1236,"Resaz_plate1_high_T1_260320_1424","T1","1","G6",2026-07-13 14:24:00,20260320,"38C","plate1_high",NA,NA,NA,NA,NA,NA,NA,NA
"175","G","7",929,"Resaz_plate1_high_T1_260320_1424","T1","1","G7",2026-07-13 14:24:00,20260320,"38C","plate1_high",NA,NA,NA,NA,NA,NA,NA,NA
"176","G","8",1039,"Resaz_plate1_high_T1_260320_1424","T1","1","G8",2026-07-13 14:24:00,20260320,"38C","plate1_high",NA,NA,NA,NA,NA,NA,NA,NA
"177","G","9",964,"Resaz_plate1_high_T1_260320_1424","T1","1","G9",2026-07-13 14:24:00,20260320,"38C","plate1_high",NA,NA,NA,NA,NA,NA,NA,NA
"178","G","10",1169,"Resaz_plate1_high_T1_260320_1424","T1","1","G10",2026-07-13 14:24:00,20260320,"38C","plate1_high",NA,NA,NA,NA,NA,NA,NA,NA
"179","G","11",1096,"Resaz_plate1_high_T1_260320_1424","T1","1","G11",2026-07-13 14:24:00,20260320,"38C","plate1_high",NA,NA,NA,NA,NA,NA,NA,NA
"180","G","12",1116,"Resaz_plate1_high_T1_260320_1424","T1","1","G12",2026-07-13 14:24:00,20260320,"38C","plate1_high",NA,NA,NA,NA,NA,NA,NA,NA
"181","H","1",865,"Resaz_plate1_high_T1_260320_1424","T1","1","H1",2026-07-13 14:24:00,20260320,"38C","plate1_high",NA,NA,NA,NA,NA,NA,NA,NA
"182","H","2",949,"Resaz_plate1_high_T1_260320_1424","T1","1","H2",2026-07-13 14:24:00,20260320,"38C","plate1_high",NA,NA,NA,NA,NA,NA,NA,NA
"183","H","3",959,"Resaz_plate1_high_T1_260320_1424","T1","1","H3",2026-07-13 14:24:00,20260320,"38C","plate1_high",NA,NA,NA,NA,NA,NA,NA,NA
"184","H","4",993,"Resaz_plate1_high_T1_260320_1424","T1","1","H4",2026-07-13 14:24:00,20260320,"38C","plate1_high",NA,NA,NA,NA,NA,NA,NA,NA
"185","H","5",1097,"Resaz_plate1_high_T1_260320_1424","T1","1","H5",2026-07-13 14:24:00,20260320,"38C","plate1_high",NA,NA,NA,NA,NA,NA,NA,NA
"186","H","6",1003,"Resaz_plate1_high_T1_260320_1424","T1","1","H6",2026-07-13 14:24:00,20260320,"38C","plate1_high",NA,NA,NA,NA,NA,NA,NA,NA
"187","H","7",923,"Resaz_plate1_high_T1_260320_1424","T1","1","H7",2026-07-13 14:24:00,20260320,"38C","plate1_high",NA,NA,NA,NA,NA,NA,NA,NA
"188","H","8",1036,"Resaz_plate1_high_T1_260320_1424","T1","1","H8",2026-07-13 14:24:00,20260320,"38C","plate1_high",NA,NA,NA,NA,NA,NA,NA,NA
"189","H","9",997,"Resaz_plate1_high_T1_260320_1424","T1","1","H9",2026-07-13 14:24:00,20260320,"38C","plate1_high",NA,NA,NA,NA,NA,NA,NA,NA
"190","H","10",923,"Resaz_plate1_high_T1_260320_1424","T1","1","H10",2026-07-13 14:24:00,20260320,"38C","plate1_high",NA,NA,NA,NA,NA,NA,NA,NA
"191","H","11",1061,"Resaz_plate1_high_T1_260320_1424","T1","1","H11",2026-07-13 14:24:00,20260320,"38C","plate1_high",NA,NA,NA,NA,NA,NA,NA,NA
"192","H","12",1019,"Resaz_plate1_high_T1_260320_1424","T1","1","H12",2026-07-13 14:24:00,20260320,"38C","plate1_high",NA,NA,NA,NA,NA,NA,NA,NA
"193","A","1",975,"Resaz_plate1_high_T3_260320_1640","T3","1","A1",2026-07-13 16:40:00,20260320,"38C","plate1_high",NA,NA,NA,NA,NA,NA,NA,NA
"194","A","2",996,"Resaz_plate1_high_T3_260320_1640","T3","1","A2",2026-07-13 16:40:00,20260320,"38C","plate1_high",NA,NA,NA,NA,NA,NA,NA,NA
"195","A","3",1058,"Resaz_plate1_high_T3_260320_1640","T3","1","A3",2026-07-13 16:40:00,20260320,"38C","plate1_high",NA,NA,NA,NA,NA,NA,NA,NA
"196","A","4",1016,"Resaz_plate1_high_T3_260320_1640","T3","1","A4",2026-07-13 16:40:00,20260320,"38C","plate1_high",NA,NA,NA,NA,NA,NA,NA,NA
"197","A","5",1206,"Resaz_plate1_high_T3_260320_1640","T3","1","A5",2026-07-13 16:40:00,20260320,"38C","plate1_high",NA,NA,NA,NA,NA,NA,NA,NA
"198","A","6",1082,"Resaz_plate1_high_T3_260320_1640","T3","1","A6",2026-07-13 16:40:00,20260320,"38C","plate1_high",NA,NA,NA,NA,NA,NA,NA,NA
"199","A","7",1226,"Resaz_plate1_high_T3_260320_1640","T3","1","A7",2026-07-13 16:40:00,20260320,"38C","plate1_high",NA,NA,NA,NA,NA,NA,NA,NA
"200","A","8",1014,"Resaz_plate1_high_T3_260320_1640","T3","1","A8",2026-07-13 16:40:00,20260320,"38C","plate1_high",NA,NA,NA,NA,NA,NA,NA,NA
"201","A","9",950,"Resaz_plate1_high_T3_260320_1640","T3","1","A9",2026-07-13 16:40:00,20260320,"38C","plate1_high",NA,NA,NA,NA,NA,NA,NA,NA
"202","A","10",1197,"Resaz_plate1_high_T3_260320_1640","T3","1","A10",2026-07-13 16:40:00,20260320,"38C","plate1_high",NA,NA,NA,NA,NA,NA,NA,NA
"203","A","11",1175,"Resaz_plate1_high_T3_260320_1640","T3","1","A11",2026-07-13 16:40:00,20260320,"38C","plate1_high",NA,NA,NA,NA,NA,NA,NA,NA
"204","A","12",1343,"Resaz_plate1_high_T3_260320_1640","T3","1","A12",2026-07-13 16:40:00,20260320,"38C","plate1_high",NA,NA,NA,NA,NA,NA,NA,NA
"205","B","1",1527,"Resaz_plate1_high_T3_260320_1640","T3","1","B1",2026-07-13 16:40:00,20260320,"38C","plate1_high",NA,NA,NA,NA,NA,NA,NA,NA
"206","B","2",1053,"Resaz_plate1_high_T3_260320_1640","T3","1","B2",2026-07-13 16:40:00,20260320,"38C","plate1_high",NA,NA,NA,NA,NA,NA,NA,NA
"207","B","3",1120,"Resaz_plate1_high_T3_260320_1640","T3","1","B3",2026-07-13 16:40:00,20260320,"38C","plate1_high",NA,NA,NA,NA,NA,NA,NA,NA
"208","B","4",1083,"Resaz_plate1_high_T3_260320_1640","T3","1","B4",2026-07-13 16:40:00,20260320,"38C","plate1_high",NA,NA,NA,NA,NA,NA,NA,NA
"209","B","5",1179,"Resaz_plate1_high_T3_260320_1640","T3","1","B5",2026-07-13 16:40:00,20260320,"38C","plate1_high",NA,NA,NA,NA,NA,NA,NA,NA
"210","B","6",1081,"Resaz_plate1_high_T3_260320_1640","T3","1","B6",2026-07-13 16:40:00,20260320,"38C","plate1_high",NA,NA,NA,NA,NA,NA,NA,NA
"211","B","7",1047,"Resaz_plate1_high_T3_260320_1640","T3","1","B7",2026-07-13 16:40:00,20260320,"38C","plate1_high",NA,NA,NA,NA,NA,NA,NA,NA
"212","B","8",1034,"Resaz_plate1_high_T3_260320_1640","T3","1","B8",2026-07-13 16:40:00,20260320,"38C","plate1_high",NA,NA,NA,NA,NA,NA,NA,NA
"213","B","9",1002,"Resaz_plate1_high_T3_260320_1640","T3","1","B9",2026-07-13 16:40:00,20260320,"38C","plate1_high",NA,NA,NA,NA,NA,NA,NA,NA
"214","B","10",1421,"Resaz_plate1_high_T3_260320_1640","T3","1","B10",2026-07-13 16:40:00,20260320,"38C","plate1_high",NA,NA,NA,NA,NA,NA,NA,NA
"215","B","11",1550,"Resaz_plate1_high_T3_260320_1640","T3","1","B11",2026-07-13 16:40:00,20260320,"38C","plate1_high",NA,NA,NA,NA,NA,NA,NA,NA
"216","B","12",1220,"Resaz_plate1_high_T3_260320_1640","T3","1","B12",2026-07-13 16:40:00,20260320,"38C","plate1_high",NA,NA,NA,NA,NA,NA,NA,NA
"217","C","1",1172,"Resaz_plate1_high_T3_260320_1640","T3","1","C1",2026-07-13 16:40:00,20260320,"38C","plate1_high",NA,NA,NA,NA,NA,NA,NA,NA
"218","C","2",1267,"Resaz_plate1_high_T3_260320_1640","T3","1","C2",2026-07-13 16:40:00,20260320,"38C","plate1_high",NA,NA,NA,NA,NA,NA,NA,NA
"219","C","3",1694,"Resaz_plate1_high_T3_260320_1640","T3","1","C3",2026-07-13 16:40:00,20260320,"38C","plate1_high",NA,NA,NA,NA,NA,NA,NA,NA
"220","C","4",1151,"Resaz_plate1_high_T3_260320_1640","T3","1","C4",2026-07-13 16:40:00,20260320,"38C","plate1_high",NA,NA,NA,NA,NA,NA,NA,NA
"221","C","5",1276,"Resaz_plate1_high_T3_260320_1640","T3","1","C5",2026-07-13 16:40:00,20260320,"38C","plate1_high",NA,NA,NA,NA,NA,NA,NA,NA
"222","C","6",1257,"Resaz_plate1_high_T3_260320_1640","T3","1","C6",2026-07-13 16:40:00,20260320,"38C","plate1_high",NA,NA,NA,NA,NA,NA,NA,NA
"223","C","7",1122,"Resaz_plate1_high_T3_260320_1640","T3","1","C7",2026-07-13 16:40:00,20260320,"38C","plate1_high",NA,NA,NA,NA,NA,NA,NA,NA
"224","C","8",1186,"Resaz_plate1_high_T3_260320_1640","T3","1","C8",2026-07-13 16:40:00,20260320,"38C","plate1_high",NA,NA,NA,NA,NA,NA,NA,NA
"225","C","9",1096,"Resaz_plate1_high_T3_260320_1640","T3","1","C9",2026-07-13 16:40:00,20260320,"38C","plate1_high",NA,NA,NA,NA,NA,NA,NA,NA
"226","C","10",1315,"Resaz_plate1_high_T3_260320_1640","T3","1","C10",2026-07-13 16:40:00,20260320,"38C","plate1_high",NA,NA,NA,NA,NA,NA,NA,NA
"227","C","11",1324,"Resaz_plate1_high_T3_260320_1640","T3","1","C11",2026-07-13 16:40:00,20260320,"38C","plate1_high",NA,NA,NA,NA,NA,NA,NA,NA
"228","C","12",1514,"Resaz_plate1_high_T3_260320_1640","T3","1","C12",2026-07-13 16:40:00,20260320,"38C","plate1_high",NA,NA,NA,NA,NA,NA,NA,NA
"229","D","1",1360,"Resaz_plate1_high_T3_260320_1640","T3","1","D1",2026-07-13 16:40:00,20260320,"38C","plate1_high",NA,NA,NA,NA,NA,NA,NA,NA
"230","D","2",1147,"Resaz_plate1_high_T3_260320_1640","T3","1","D2",2026-07-13 16:40:00,20260320,"38C","plate1_high",NA,NA,NA,NA,NA,NA,NA,NA
"231","D","3",1219,"Resaz_plate1_high_T3_260320_1640","T3","1","D3",2026-07-13 16:40:00,20260320,"38C","plate1_high",NA,NA,NA,NA,NA,NA,NA,NA
"232","D","4",1088,"Resaz_plate1_high_T3_260320_1640","T3","1","D4",2026-07-13 16:40:00,20260320,"38C","plate1_high",NA,NA,NA,NA,NA,NA,NA,NA
"233","D","5",1398,"Resaz_plate1_high_T3_260320_1640","T3","1","D5",2026-07-13 16:40:00,20260320,"38C","plate1_high",NA,NA,NA,NA,NA,NA,NA,NA
"234","D","6",1320,"Resaz_plate1_high_T3_260320_1640","T3","1","D6",2026-07-13 16:40:00,20260320,"38C","plate1_high",NA,NA,NA,NA,NA,NA,NA,NA
"235","D","7",1200,"Resaz_plate1_high_T3_260320_1640","T3","1","D7",2026-07-13 16:40:00,20260320,"38C","plate1_high",NA,NA,NA,NA,NA,NA,NA,NA
"236","D","8",1161,"Resaz_plate1_high_T3_260320_1640","T3","1","D8",2026-07-13 16:40:00,20260320,"38C","plate1_high",NA,NA,NA,NA,NA,NA,NA,NA
"237","D","9",1084,"Resaz_plate1_high_T3_260320_1640","T3","1","D9",2026-07-13 16:40:00,20260320,"38C","plate1_high",NA,NA,NA,NA,NA,NA,NA,NA
"238","D","10",1289,"Resaz_plate1_high_T3_260320_1640","T3","1","D10",2026-07-13 16:40:00,20260320,"38C","plate1_high",NA,NA,NA,NA,NA,NA,NA,NA
"239","D","11",1309,"Resaz_plate1_high_T3_260320_1640","T3","1","D11",2026-07-13 16:40:00,20260320,"38C","plate1_high",NA,NA,NA,NA,NA,NA,NA,NA
"240","D","12",1560,"Resaz_plate1_high_T3_260320_1640","T3","1","D12",2026-07-13 16:40:00,20260320,"38C","plate1_high",NA,NA,NA,NA,NA,NA,NA,NA
"241","E","1",1090,"Resaz_plate1_high_T3_260320_1640","T3","1","E1",2026-07-13 16:40:00,20260320,"38C","plate1_high",NA,NA,NA,NA,NA,NA,NA,NA
"242","E","2",1244,"Resaz_plate1_high_T3_260320_1640","T3","1","E2",2026-07-13 16:40:00,20260320,"38C","plate1_high",NA,NA,NA,NA,NA,NA,NA,NA
"243","E","3",1043,"Resaz_plate1_high_T3_260320_1640","T3","1","E3",2026-07-13 16:40:00,20260320,"38C","plate1_high",NA,NA,NA,NA,NA,NA,NA,NA
"244","E","4",1314,"Resaz_plate1_high_T3_260320_1640","T3","1","E4",2026-07-13 16:40:00,20260320,"38C","plate1_high",NA,NA,NA,NA,NA,NA,NA,NA
"245","E","5",1284,"Resaz_plate1_high_T3_260320_1640","T3","1","E5",2026-07-13 16:40:00,20260320,"38C","plate1_high",NA,NA,NA,NA,NA,NA,NA,NA
"246","E","6",1250,"Resaz_plate1_high_T3_260320_1640","T3","1","E6",2026-07-13 16:40:00,20260320,"38C","plate1_high",NA,NA,NA,NA,NA,NA,NA,NA
"247","E","7",1164,"Resaz_plate1_high_T3_260320_1640","T3","1","E7",2026-07-13 16:40:00,20260320,"38C","plate1_high",NA,NA,NA,NA,NA,NA,NA,NA
"248","E","8",1224,"Resaz_plate1_high_T3_260320_1640","T3","1","E8",2026-07-13 16:40:00,20260320,"38C","plate1_high",NA,NA,NA,NA,NA,NA,NA,NA
"249","E","9",1063,"Resaz_plate1_high_T3_260320_1640","T3","1","E9",2026-07-13 16:40:00,20260320,"38C","plate1_high",NA,NA,NA,NA,NA,NA,NA,NA
"250","E","10",1327,"Resaz_plate1_high_T3_260320_1640","T3","1","E10",2026-07-13 16:40:00,20260320,"38C","plate1_high",NA,NA,NA,NA,NA,NA,NA,NA
"251","E","11",1375,"Resaz_plate1_high_T3_260320_1640","T3","1","E11",2026-07-13 16:40:00,20260320,"38C","plate1_high",NA,NA,NA,NA,NA,NA,NA,NA
"252","E","12",1423,"Resaz_plate1_high_T3_260320_1640","T3","1","E12",2026-07-13 16:40:00,20260320,"38C","plate1_high",NA,NA,NA,NA,NA,NA,NA,NA
"253","F","1",1312,"Resaz_plate1_high_T3_260320_1640","T3","1","F1",2026-07-13 16:40:00,20260320,"38C","plate1_high",NA,NA,NA,NA,NA,NA,NA,NA
"254","F","2",1164,"Resaz_plate1_high_T3_260320_1640","T3","1","F2",2026-07-13 16:40:00,20260320,"38C","plate1_high",NA,NA,NA,NA,NA,NA,NA,NA
"255","F","3",1120,"Resaz_plate1_high_T3_260320_1640","T3","1","F3",2026-07-13 16:40:00,20260320,"38C","plate1_high",NA,NA,NA,NA,NA,NA,NA,NA
"256","F","4",1463,"Resaz_plate1_high_T3_260320_1640","T3","1","F4",2026-07-13 16:40:00,20260320,"38C","plate1_high",NA,NA,NA,NA,NA,NA,NA,NA
"257","F","5",1452,"Resaz_plate1_high_T3_260320_1640","T3","1","F5",2026-07-13 16:40:00,20260320,"38C","plate1_high",NA,NA,NA,NA,NA,NA,NA,NA
"258","F","6",1279,"Resaz_plate1_high_T3_260320_1640","T3","1","F6",2026-07-13 16:40:00,20260320,"38C","plate1_high",NA,NA,NA,NA,NA,NA,NA,NA
"259","F","7",1142,"Resaz_plate1_high_T3_260320_1640","T3","1","F7",2026-07-13 16:40:00,20260320,"38C","plate1_high",NA,NA,NA,NA,NA,NA,NA,NA
"260","F","8",1226,"Resaz_plate1_high_T3_260320_1640","T3","1","F8",2026-07-13 16:40:00,20260320,"38C","plate1_high",NA,NA,NA,NA,NA,NA,NA,NA
"261","F","9",1068,"Resaz_plate1_high_T3_260320_1640","T3","1","F9",2026-07-13 16:40:00,20260320,"38C","plate1_high",NA,NA,NA,NA,NA,NA,NA,NA
"262","F","10",1197,"Resaz_plate1_high_T3_260320_1640","T3","1","F10",2026-07-13 16:40:00,20260320,"38C","plate1_high",NA,NA,NA,NA,NA,NA,NA,NA
"263","F","11",1398,"Resaz_plate1_high_T3_260320_1640","T3","1","F11",2026-07-13 16:40:00,20260320,"38C","plate1_high",NA,NA,NA,NA,NA,NA,NA,NA
"264","F","12",1669,"Resaz_plate1_high_T3_260320_1640","T3","1","F12",2026-07-13 16:40:00,20260320,"38C","plate1_high",NA,NA,NA,NA,NA,NA,NA,NA
"265","G","1",1469,"Resaz_plate1_high_T3_260320_1640","T3","1","G1",2026-07-13 16:40:00,20260320,"38C","plate1_high",NA,NA,NA,NA,NA,NA,NA,NA
"266","G","2",1242,"Resaz_plate1_high_T3_260320_1640","T3","1","G2",2026-07-13 16:40:00,20260320,"38C","plate1_high",NA,NA,NA,NA,NA,NA,NA,NA
"267","G","3",1169,"Resaz_plate1_high_T3_260320_1640","T3","1","G3",2026-07-13 16:40:00,20260320,"38C","plate1_high",NA,NA,NA,NA,NA,NA,NA,NA
"268","G","4",1327,"Resaz_plate1_high_T3_260320_1640","T3","1","G4",2026-07-13 16:40:00,20260320,"38C","plate1_high",NA,NA,NA,NA,NA,NA,NA,NA
"269","G","5",1470,"Resaz_plate1_high_T3_260320_1640","T3","1","G5",2026-07-13 16:40:00,20260320,"38C","plate1_high",NA,NA,NA,NA,NA,NA,NA,NA
"270","G","6",1487,"Resaz_plate1_high_T3_260320_1640","T3","1","G6",2026-07-13 16:40:00,20260320,"38C","plate1_high",NA,NA,NA,NA,NA,NA,NA,NA
"271","G","7",1101,"Resaz_plate1_high_T3_260320_1640","T3","1","G7",2026-07-13 16:40:00,20260320,"38C","plate1_high",NA,NA,NA,NA,NA,NA,NA,NA
"272","G","8",1188,"Resaz_plate1_high_T3_260320_1640","T3","1","G8",2026-07-13 16:40:00,20260320,"38C","plate1_high",NA,NA,NA,NA,NA,NA,NA,NA
"273","G","9",1088,"Resaz_plate1_high_T3_260320_1640","T3","1","G9",2026-07-13 16:40:00,20260320,"38C","plate1_high",NA,NA,NA,NA,NA,NA,NA,NA
"274","G","10",1468,"Resaz_plate1_high_T3_260320_1640","T3","1","G10",2026-07-13 16:40:00,20260320,"38C","plate1_high",NA,NA,NA,NA,NA,NA,NA,NA
"275","G","11",1419,"Resaz_plate1_high_T3_260320_1640","T3","1","G11",2026-07-13 16:40:00,20260320,"38C","plate1_high",NA,NA,NA,NA,NA,NA,NA,NA
"276","G","12",1578,"Resaz_plate1_high_T3_260320_1640","T3","1","G12",2026-07-13 16:40:00,20260320,"38C","plate1_high",NA,NA,NA,NA,NA,NA,NA,NA
"277","H","1",935,"Resaz_plate1_high_T3_260320_1640","T3","1","H1",2026-07-13 16:40:00,20260320,"38C","plate1_high",NA,NA,NA,NA,NA,NA,NA,NA
"278","H","2",1029,"Resaz_plate1_high_T3_260320_1640","T3","1","H2",2026-07-13 16:40:00,20260320,"38C","plate1_high",NA,NA,NA,NA,NA,NA,NA,NA
"279","H","3",1062,"Resaz_plate1_high_T3_260320_1640","T3","1","H3",2026-07-13 16:40:00,20260320,"38C","plate1_high",NA,NA,NA,NA,NA,NA,NA,NA
"280","H","4",1122,"Resaz_plate1_high_T3_260320_1640","T3","1","H4",2026-07-13 16:40:00,20260320,"38C","plate1_high",NA,NA,NA,NA,NA,NA,NA,NA
"281","H","5",1258,"Resaz_plate1_high_T3_260320_1640","T3","1","H5",2026-07-13 16:40:00,20260320,"38C","plate1_high",NA,NA,NA,NA,NA,NA,NA,NA
"282","H","6",1174,"Resaz_plate1_high_T3_260320_1640","T3","1","H6",2026-07-13 16:40:00,20260320,"38C","plate1_high",NA,NA,NA,NA,NA,NA,NA,NA
"283","H","7",1092,"Resaz_plate1_high_T3_260320_1640","T3","1","H7",2026-07-13 16:40:00,20260320,"38C","plate1_high",NA,NA,NA,NA,NA,NA,NA,NA
"284","H","8",1235,"Resaz_plate1_high_T3_260320_1640","T3","1","H8",2026-07-13 16:40:00,20260320,"38C","plate1_high",NA,NA,NA,NA,NA,NA,NA,NA
"285","H","9",1186,"Resaz_plate1_high_T3_260320_1640","T3","1","H9",2026-07-13 16:40:00,20260320,"38C","plate1_high",NA,NA,NA,NA,NA,NA,NA,NA
"286","H","10",1112,"Resaz_plate1_high_T3_260320_1640","T3","1","H10",2026-07-13 16:40:00,20260320,"38C","plate1_high",NA,NA,NA,NA,NA,NA,NA,NA
"287","H","11",1316,"Resaz_plate1_high_T3_260320_1640","T3","1","H11",2026-07-13 16:40:00,20260320,"38C","plate1_high",NA,NA,NA,NA,NA,NA,NA,NA
"288","H","12",1402,"Resaz_plate1_high_T3_260320_1640","T3","1","H12",2026-07-13 16:40:00,20260320,"38C","plate1_high",NA,NA,NA,NA,NA,NA,NA,NA
"289","A","1",989,"Resaz_plate1_high_T4_260320_1747","T4","1","A1",2026-07-13 17:47:00,20260320,"38C","plate1_high",NA,NA,NA,NA,NA,NA,NA,NA
"290","A","2",1016,"Resaz_plate1_high_T4_260320_1747","T4","1","A2",2026-07-13 17:47:00,20260320,"38C","plate1_high",NA,NA,NA,NA,NA,NA,NA,NA
"291","A","3",1075,"Resaz_plate1_high_T4_260320_1747","T4","1","A3",2026-07-13 17:47:00,20260320,"38C","plate1_high",NA,NA,NA,NA,NA,NA,NA,NA
"292","A","4",1045,"Resaz_plate1_high_T4_260320_1747","T4","1","A4",2026-07-13 17:47:00,20260320,"38C","plate1_high",NA,NA,NA,NA,NA,NA,NA,NA
"293","A","5",1246,"Resaz_plate1_high_T4_260320_1747","T4","1","A5",2026-07-13 17:47:00,20260320,"38C","plate1_high",NA,NA,NA,NA,NA,NA,NA,NA
"294","A","6",1114,"Resaz_plate1_high_T4_260320_1747","T4","1","A6",2026-07-13 17:47:00,20260320,"38C","plate1_high",NA,NA,NA,NA,NA,NA,NA,NA
"295","A","7",1252,"Resaz_plate1_high_T4_260320_1747","T4","1","A7",2026-07-13 17:47:00,20260320,"38C","plate1_high",NA,NA,NA,NA,NA,NA,NA,NA
"296","A","8",1041,"Resaz_plate1_high_T4_260320_1747","T4","1","A8",2026-07-13 17:47:00,20260320,"38C","plate1_high",NA,NA,NA,NA,NA,NA,NA,NA
"297","A","9",971,"Resaz_plate1_high_T4_260320_1747","T4","1","A9",2026-07-13 17:47:00,20260320,"38C","plate1_high",NA,NA,NA,NA,NA,NA,NA,NA
"298","A","10",1246,"Resaz_plate1_high_T4_260320_1747","T4","1","A10",2026-07-13 17:47:00,20260320,"38C","plate1_high",NA,NA,NA,NA,NA,NA,NA,NA
"299","A","11",1231,"Resaz_plate1_high_T4_260320_1747","T4","1","A11",2026-07-13 17:47:00,20260320,"38C","plate1_high",NA,NA,NA,NA,NA,NA,NA,NA
"300","A","12",1459,"Resaz_plate1_high_T4_260320_1747","T4","1","A12",2026-07-13 17:47:00,20260320,"38C","plate1_high",NA,NA,NA,NA,NA,NA,NA,NA
"301","B","1",1607,"Resaz_plate1_high_T4_260320_1747","T4","1","B1",2026-07-13 17:47:00,20260320,"38C","plate1_high",NA,NA,NA,NA,NA,NA,NA,NA
"302","B","2",1077,"Resaz_plate1_high_T4_260320_1747","T4","1","B2",2026-07-13 17:47:00,20260320,"38C","plate1_high",NA,NA,NA,NA,NA,NA,NA,NA
"303","B","3",1139,"Resaz_plate1_high_T4_260320_1747","T4","1","B3",2026-07-13 17:47:00,20260320,"38C","plate1_high",NA,NA,NA,NA,NA,NA,NA,NA
"304","B","4",1112,"Resaz_plate1_high_T4_260320_1747","T4","1","B4",2026-07-13 17:47:00,20260320,"38C","plate1_high",NA,NA,NA,NA,NA,NA,NA,NA
"305","B","5",1199,"Resaz_plate1_high_T4_260320_1747","T4","1","B5",2026-07-13 17:47:00,20260320,"38C","plate1_high",NA,NA,NA,NA,NA,NA,NA,NA
"306","B","6",1107,"Resaz_plate1_high_T4_260320_1747","T4","1","B6",2026-07-13 17:47:00,20260320,"38C","plate1_high",NA,NA,NA,NA,NA,NA,NA,NA
"307","B","7",1077,"Resaz_plate1_high_T4_260320_1747","T4","1","B7",2026-07-13 17:47:00,20260320,"38C","plate1_high",NA,NA,NA,NA,NA,NA,NA,NA
"308","B","8",1056,"Resaz_plate1_high_T4_260320_1747","T4","1","B8",2026-07-13 17:47:00,20260320,"38C","plate1_high",NA,NA,NA,NA,NA,NA,NA,NA
"309","B","9",1033,"Resaz_plate1_high_T4_260320_1747","T4","1","B9",2026-07-13 17:47:00,20260320,"38C","plate1_high",NA,NA,NA,NA,NA,NA,NA,NA
"310","B","10",1471,"Resaz_plate1_high_T4_260320_1747","T4","1","B10",2026-07-13 17:47:00,20260320,"38C","plate1_high",NA,NA,NA,NA,NA,NA,NA,NA
"311","B","11",1640,"Resaz_plate1_high_T4_260320_1747","T4","1","B11",2026-07-13 17:47:00,20260320,"38C","plate1_high",NA,NA,NA,NA,NA,NA,NA,NA
"312","B","12",1352,"Resaz_plate1_high_T4_260320_1747","T4","1","B12",2026-07-13 17:47:00,20260320,"38C","plate1_high",NA,NA,NA,NA,NA,NA,NA,NA
"313","C","1",1207,"Resaz_plate1_high_T4_260320_1747","T4","1","C1",2026-07-13 17:47:00,20260320,"38C","plate1_high",NA,NA,NA,NA,NA,NA,NA,NA
"314","C","2",1323,"Resaz_plate1_high_T4_260320_1747","T4","1","C2",2026-07-13 17:47:00,20260320,"38C","plate1_high",NA,NA,NA,NA,NA,NA,NA,NA
"315","C","3",1760,"Resaz_plate1_high_T4_260320_1747","T4","1","C3",2026-07-13 17:47:00,20260320,"38C","plate1_high",NA,NA,NA,NA,NA,NA,NA,NA
"316","C","4",1202,"Resaz_plate1_high_T4_260320_1747","T4","1","C4",2026-07-13 17:47:00,20260320,"38C","plate1_high",NA,NA,NA,NA,NA,NA,NA,NA
"317","C","5",1324,"Resaz_plate1_high_T4_260320_1747","T4","1","C5",2026-07-13 17:47:00,20260320,"38C","plate1_high",NA,NA,NA,NA,NA,NA,NA,NA
"318","C","6",1311,"Resaz_plate1_high_T4_260320_1747","T4","1","C6",2026-07-13 17:47:00,20260320,"38C","plate1_high",NA,NA,NA,NA,NA,NA,NA,NA
"319","C","7",1159,"Resaz_plate1_high_T4_260320_1747","T4","1","C7",2026-07-13 17:47:00,20260320,"38C","plate1_high",NA,NA,NA,NA,NA,NA,NA,NA
"320","C","8",1239,"Resaz_plate1_high_T4_260320_1747","T4","1","C8",2026-07-13 17:47:00,20260320,"38C","plate1_high",NA,NA,NA,NA,NA,NA,NA,NA
"321","C","9",1128,"Resaz_plate1_high_T4_260320_1747","T4","1","C9",2026-07-13 17:47:00,20260320,"38C","plate1_high",NA,NA,NA,NA,NA,NA,NA,NA
"322","C","10",1393,"Resaz_plate1_high_T4_260320_1747","T4","1","C10",2026-07-13 17:47:00,20260320,"38C","plate1_high",NA,NA,NA,NA,NA,NA,NA,NA
"323","C","11",1457,"Resaz_plate1_high_T4_260320_1747","T4","1","C11",2026-07-13 17:47:00,20260320,"38C","plate1_high",NA,NA,NA,NA,NA,NA,NA,NA
"324","C","12",1767,"Resaz_plate1_high_T4_260320_1747","T4","1","C12",2026-07-13 17:47:00,20260320,"38C","plate1_high",NA,NA,NA,NA,NA,NA,NA,NA
"325","D","1",1400,"Resaz_plate1_high_T4_260320_1747","T4","1","D1",2026-07-13 17:47:00,20260320,"38C","plate1_high",NA,NA,NA,NA,NA,NA,NA,NA
"326","D","2",1183,"Resaz_plate1_high_T4_260320_1747","T4","1","D2",2026-07-13 17:47:00,20260320,"38C","plate1_high",NA,NA,NA,NA,NA,NA,NA,NA
"327","D","3",1231,"Resaz_plate1_high_T4_260320_1747","T4","1","D3",2026-07-13 17:47:00,20260320,"38C","plate1_high",NA,NA,NA,NA,NA,NA,NA,NA
"328","D","4",1121,"Resaz_plate1_high_T4_260320_1747","T4","1","D4",2026-07-13 17:47:00,20260320,"38C","plate1_high",NA,NA,NA,NA,NA,NA,NA,NA
"329","D","5",1458,"Resaz_plate1_high_T4_260320_1747","T4","1","D5",2026-07-13 17:47:00,20260320,"38C","plate1_high",NA,NA,NA,NA,NA,NA,NA,NA
"330","D","6",1383,"Resaz_plate1_high_T4_260320_1747","T4","1","D6",2026-07-13 17:47:00,20260320,"38C","plate1_high",NA,NA,NA,NA,NA,NA,NA,NA
"331","D","7",1245,"Resaz_plate1_high_T4_260320_1747","T4","1","D7",2026-07-13 17:47:00,20260320,"38C","plate1_high",NA,NA,NA,NA,NA,NA,NA,NA
"332","D","8",1202,"Resaz_plate1_high_T4_260320_1747","T4","1","D8",2026-07-13 17:47:00,20260320,"38C","plate1_high",NA,NA,NA,NA,NA,NA,NA,NA
"333","D","9",1124,"Resaz_plate1_high_T4_260320_1747","T4","1","D9",2026-07-13 17:47:00,20260320,"38C","plate1_high",NA,NA,NA,NA,NA,NA,NA,NA
"334","D","10",1379,"Resaz_plate1_high_T4_260320_1747","T4","1","D10",2026-07-13 17:47:00,20260320,"38C","plate1_high",NA,NA,NA,NA,NA,NA,NA,NA
"335","D","11",1464,"Resaz_plate1_high_T4_260320_1747","T4","1","D11",2026-07-13 17:47:00,20260320,"38C","plate1_high",NA,NA,NA,NA,NA,NA,NA,NA
"336","D","12",1863,"Resaz_plate1_high_T4_260320_1747","T4","1","D12",2026-07-13 17:47:00,20260320,"38C","plate1_high",NA,NA,NA,NA,NA,NA,NA,NA
"337","E","1",1146,"Resaz_plate1_high_T4_260320_1747","T4","1","E1",2026-07-13 17:47:00,20260320,"38C","plate1_high",NA,NA,NA,NA,NA,NA,NA,NA
"338","E","2",1313,"Resaz_plate1_high_T4_260320_1747","T4","1","E2",2026-07-13 17:47:00,20260320,"38C","plate1_high",NA,NA,NA,NA,NA,NA,NA,NA
"339","E","3",1070,"Resaz_plate1_high_T4_260320_1747","T4","1","E3",2026-07-13 17:47:00,20260320,"38C","plate1_high",NA,NA,NA,NA,NA,NA,NA,NA
"340","E","4",1384,"Resaz_plate1_high_T4_260320_1747","T4","1","E4",2026-07-13 17:47:00,20260320,"38C","plate1_high",NA,NA,NA,NA,NA,NA,NA,NA
"341","E","5",1330,"Resaz_plate1_high_T4_260320_1747","T4","1","E5",2026-07-13 17:47:00,20260320,"38C","plate1_high",NA,NA,NA,NA,NA,NA,NA,NA
"342","E","6",1312,"Resaz_plate1_high_T4_260320_1747","T4","1","E6",2026-07-13 17:47:00,20260320,"38C","plate1_high",NA,NA,NA,NA,NA,NA,NA,NA
"343","E","7",1224,"Resaz_plate1_high_T4_260320_1747","T4","1","E7",2026-07-13 17:47:00,20260320,"38C","plate1_high",NA,NA,NA,NA,NA,NA,NA,NA
"344","E","8",1287,"Resaz_plate1_high_T4_260320_1747","T4","1","E8",2026-07-13 17:47:00,20260320,"38C","plate1_high",NA,NA,NA,NA,NA,NA,NA,NA
"345","E","9",1103,"Resaz_plate1_high_T4_260320_1747","T4","1","E9",2026-07-13 17:47:00,20260320,"38C","plate1_high",NA,NA,NA,NA,NA,NA,NA,NA
"346","E","10",1440,"Resaz_plate1_high_T4_260320_1747","T4","1","E10",2026-07-13 17:47:00,20260320,"38C","plate1_high",NA,NA,NA,NA,NA,NA,NA,NA
"347","E","11",1544,"Resaz_plate1_high_T4_260320_1747","T4","1","E11",2026-07-13 17:47:00,20260320,"38C","plate1_high",NA,NA,NA,NA,NA,NA,NA,NA
"348","E","12",1688,"Resaz_plate1_high_T4_260320_1747","T4","1","E12",2026-07-13 17:47:00,20260320,"38C","plate1_high",NA,NA,NA,NA,NA,NA,NA,NA
"349","F","1",1355,"Resaz_plate1_high_T4_260320_1747","T4","1","F1",2026-07-13 17:47:00,20260320,"38C","plate1_high",NA,NA,NA,NA,NA,NA,NA,NA
"350","F","2",1198,"Resaz_plate1_high_T4_260320_1747","T4","1","F2",2026-07-13 17:47:00,20260320,"38C","plate1_high",NA,NA,NA,NA,NA,NA,NA,NA
"351","F","3",1143,"Resaz_plate1_high_T4_260320_1747","T4","1","F3",2026-07-13 17:47:00,20260320,"38C","plate1_high",NA,NA,NA,NA,NA,NA,NA,NA
"352","F","4",1535,"Resaz_plate1_high_T4_260320_1747","T4","1","F4",2026-07-13 17:47:00,20260320,"38C","plate1_high",NA,NA,NA,NA,NA,NA,NA,NA
"353","F","5",1515,"Resaz_plate1_high_T4_260320_1747","T4","1","F5",2026-07-13 17:47:00,20260320,"38C","plate1_high",NA,NA,NA,NA,NA,NA,NA,NA
"354","F","6",1337,"Resaz_plate1_high_T4_260320_1747","T4","1","F6",2026-07-13 17:47:00,20260320,"38C","plate1_high",NA,NA,NA,NA,NA,NA,NA,NA
"355","F","7",1185,"Resaz_plate1_high_T4_260320_1747","T4","1","F7",2026-07-13 17:47:00,20260320,"38C","plate1_high",NA,NA,NA,NA,NA,NA,NA,NA
"356","F","8",1269,"Resaz_plate1_high_T4_260320_1747","T4","1","F8",2026-07-13 17:47:00,20260320,"38C","plate1_high",NA,NA,NA,NA,NA,NA,NA,NA
"357","F","9",1101,"Resaz_plate1_high_T4_260320_1747","T4","1","F9",2026-07-13 17:47:00,20260320,"38C","plate1_high",NA,NA,NA,NA,NA,NA,NA,NA
"358","F","10",1279,"Resaz_plate1_high_T4_260320_1747","T4","1","F10",2026-07-13 17:47:00,20260320,"38C","plate1_high",NA,NA,NA,NA,NA,NA,NA,NA
"359","F","11",1553,"Resaz_plate1_high_T4_260320_1747","T4","1","F11",2026-07-13 17:47:00,20260320,"38C","plate1_high",NA,NA,NA,NA,NA,NA,NA,NA
"360","F","12",2003,"Resaz_plate1_high_T4_260320_1747","T4","1","F12",2026-07-13 17:47:00,20260320,"38C","plate1_high",NA,NA,NA,NA,NA,NA,NA,NA
"361","G","1",1514,"Resaz_plate1_high_T4_260320_1747","T4","1","G1",2026-07-13 17:47:00,20260320,"38C","plate1_high",NA,NA,NA,NA,NA,NA,NA,NA
"362","G","2",1309,"Resaz_plate1_high_T4_260320_1747","T4","1","G2",2026-07-13 17:47:00,20260320,"38C","plate1_high",NA,NA,NA,NA,NA,NA,NA,NA
"363","G","3",1204,"Resaz_plate1_high_T4_260320_1747","T4","1","G3",2026-07-13 17:47:00,20260320,"38C","plate1_high",NA,NA,NA,NA,NA,NA,NA,NA
"364","G","4",1385,"Resaz_plate1_high_T4_260320_1747","T4","1","G4",2026-07-13 17:47:00,20260320,"38C","plate1_high",NA,NA,NA,NA,NA,NA,NA,NA
"365","G","5",1552,"Resaz_plate1_high_T4_260320_1747","T4","1","G5",2026-07-13 17:47:00,20260320,"38C","plate1_high",NA,NA,NA,NA,NA,NA,NA,NA
"366","G","6",1576,"Resaz_plate1_high_T4_260320_1747","T4","1","G6",2026-07-13 17:47:00,20260320,"38C","plate1_high",NA,NA,NA,NA,NA,NA,NA,NA
"367","G","7",1160,"Resaz_plate1_high_T4_260320_1747","T4","1","G7",2026-07-13 17:47:00,20260320,"38C","plate1_high",NA,NA,NA,NA,NA,NA,NA,NA
"368","G","8",1235,"Resaz_plate1_high_T4_260320_1747","T4","1","G8",2026-07-13 17:47:00,20260320,"38C","plate1_high",NA,NA,NA,NA,NA,NA,NA,NA
"369","G","9",1133,"Resaz_plate1_high_T4_260320_1747","T4","1","G9",2026-07-13 17:47:00,20260320,"38C","plate1_high",NA,NA,NA,NA,NA,NA,NA,NA
"370","G","10",1583,"Resaz_plate1_high_T4_260320_1747","T4","1","G10",2026-07-13 17:47:00,20260320,"38C","plate1_high",NA,NA,NA,NA,NA,NA,NA,NA
"371","G","11",1572,"Resaz_plate1_high_T4_260320_1747","T4","1","G11",2026-07-13 17:47:00,20260320,"38C","plate1_high",NA,NA,NA,NA,NA,NA,NA,NA
"372","G","12",1868,"Resaz_plate1_high_T4_260320_1747","T4","1","G12",2026-07-13 17:47:00,20260320,"38C","plate1_high",NA,NA,NA,NA,NA,NA,NA,NA
"373","H","1",959,"Resaz_plate1_high_T4_260320_1747","T4","1","H1",2026-07-13 17:47:00,20260320,"38C","plate1_high",NA,NA,NA,NA,NA,NA,NA,NA
"374","H","2",1056,"Resaz_plate1_high_T4_260320_1747","T4","1","H2",2026-07-13 17:47:00,20260320,"38C","plate1_high",NA,NA,NA,NA,NA,NA,NA,NA
"375","H","3",1090,"Resaz_plate1_high_T4_260320_1747","T4","1","H3",2026-07-13 17:47:00,20260320,"38C","plate1_high",NA,NA,NA,NA,NA,NA,NA,NA
"376","H","4",1167,"Resaz_plate1_high_T4_260320_1747","T4","1","H4",2026-07-13 17:47:00,20260320,"38C","plate1_high",NA,NA,NA,NA,NA,NA,NA,NA
"377","H","5",1320,"Resaz_plate1_high_T4_260320_1747","T4","1","H5",2026-07-13 17:47:00,20260320,"38C","plate1_high",NA,NA,NA,NA,NA,NA,NA,NA
"378","H","6",1240,"Resaz_plate1_high_T4_260320_1747","T4","1","H6",2026-07-13 17:47:00,20260320,"38C","plate1_high",NA,NA,NA,NA,NA,NA,NA,NA
"379","H","7",1167,"Resaz_plate1_high_T4_260320_1747","T4","1","H7",2026-07-13 17:47:00,20260320,"38C","plate1_high",NA,NA,NA,NA,NA,NA,NA,NA
"380","H","8",1327,"Resaz_plate1_high_T4_260320_1747","T4","1","H8",2026-07-13 17:47:00,20260320,"38C","plate1_high",NA,NA,NA,NA,NA,NA,NA,NA
"381","H","9",1280,"Resaz_plate1_high_T4_260320_1747","T4","1","H9",2026-07-13 17:47:00,20260320,"38C","plate1_high",NA,NA,NA,NA,NA,NA,NA,NA
"382","H","10",1210,"Resaz_plate1_high_T4_260320_1747","T4","1","H10",2026-07-13 17:47:00,20260320,"38C","plate1_high",NA,NA,NA,NA,NA,NA,NA,NA
"383","H","11",1458,"Resaz_plate1_high_T4_260320_1747","T4","1","H11",2026-07-13 17:47:00,20260320,"38C","plate1_high",NA,NA,NA,NA,NA,NA,NA,NA
"384","H","12",1585,"Resaz_plate1_high_T4_260320_1747","T4","1","H12",2026-07-13 17:47:00,20260320,"38C","plate1_high",NA,NA,NA,NA,NA,NA,NA,NA
"385","A","1",1957,"Resaz_plate1_low_T0_260320_1328","T0","1","A1",2026-07-13 13:28:00,20260320,"26C","plate1_low",NA,NA,NA,NA,NA,NA,NA,NA
"386","A","2",2054,"Resaz_plate1_low_T0_260320_1328","T0","1","A2",2026-07-13 13:28:00,20260320,"26C","plate1_low",NA,NA,NA,NA,NA,NA,NA,NA
"387","A","3",1704,"Resaz_plate1_low_T0_260320_1328","T0","1","A3",2026-07-13 13:28:00,20260320,"26C","plate1_low",NA,NA,NA,NA,NA,NA,NA,NA
"388","A","4",1982,"Resaz_plate1_low_T0_260320_1328","T0","1","A4",2026-07-13 13:28:00,20260320,"26C","plate1_low",NA,NA,NA,NA,NA,NA,NA,NA
"389","A","5",1795,"Resaz_plate1_low_T0_260320_1328","T0","1","A5",2026-07-13 13:28:00,20260320,"26C","plate1_low",NA,NA,NA,NA,NA,NA,NA,NA
"390","A","6",1854,"Resaz_plate1_low_T0_260320_1328","T0","1","A6",2026-07-13 13:28:00,20260320,"26C","plate1_low",NA,NA,NA,NA,NA,NA,NA,NA
"391","A","7",2324,"Resaz_plate1_low_T0_260320_1328","T0","1","A7",2026-07-13 13:28:00,20260320,"26C","plate1_low",NA,NA,NA,NA,NA,NA,NA,NA
"392","A","8",1776,"Resaz_plate1_low_T0_260320_1328","T0","1","A8",2026-07-13 13:28:00,20260320,"26C","plate1_low",NA,NA,NA,NA,NA,NA,NA,NA
"393","A","9",1750,"Resaz_plate1_low_T0_260320_1328","T0","1","A9",2026-07-13 13:28:00,20260320,"26C","plate1_low",NA,NA,NA,NA,NA,NA,NA,NA
"394","A","10",1897,"Resaz_plate1_low_T0_260320_1328","T0","1","A10",2026-07-13 13:28:00,20260320,"26C","plate1_low",NA,NA,NA,NA,NA,NA,NA,NA
"395","A","11",1899,"Resaz_plate1_low_T0_260320_1328","T0","1","A11",2026-07-13 13:28:00,20260320,"26C","plate1_low",NA,NA,NA,NA,NA,NA,NA,NA
"396","A","12",1837,"Resaz_plate1_low_T0_260320_1328","T0","1","A12",2026-07-13 13:28:00,20260320,"26C","plate1_low",NA,NA,NA,NA,NA,NA,NA,NA
"397","B","1",2116,"Resaz_plate1_low_T0_260320_1328","T0","1","B1",2026-07-13 13:28:00,20260320,"26C","plate1_low",NA,NA,NA,NA,NA,NA,NA,NA
"398","B","2",2313,"Resaz_plate1_low_T0_260320_1328","T0","1","B2",2026-07-13 13:28:00,20260320,"26C","plate1_low",NA,NA,NA,NA,NA,NA,NA,NA
"399","B","3",2216,"Resaz_plate1_low_T0_260320_1328","T0","1","B3",2026-07-13 13:28:00,20260320,"26C","plate1_low",NA,NA,NA,NA,NA,NA,NA,NA
"400","B","4",2033,"Resaz_plate1_low_T0_260320_1328","T0","1","B4",2026-07-13 13:28:00,20260320,"26C","plate1_low",NA,NA,NA,NA,NA,NA,NA,NA
"401","B","5",2065,"Resaz_plate1_low_T0_260320_1328","T0","1","B5",2026-07-13 13:28:00,20260320,"26C","plate1_low",NA,NA,NA,NA,NA,NA,NA,NA
"402","B","6",2175,"Resaz_plate1_low_T0_260320_1328","T0","1","B6",2026-07-13 13:28:00,20260320,"26C","plate1_low",NA,NA,NA,NA,NA,NA,NA,NA
"403","B","7",3209,"Resaz_plate1_low_T0_260320_1328","T0","1","B7",2026-07-13 13:28:00,20260320,"26C","plate1_low",NA,NA,NA,NA,NA,NA,NA,NA
"404","B","8",1916,"Resaz_plate1_low_T0_260320_1328","T0","1","B8",2026-07-13 13:28:00,20260320,"26C","plate1_low",NA,NA,NA,NA,NA,NA,NA,NA
"405","B","9",2026,"Resaz_plate1_low_T0_260320_1328","T0","1","B9",2026-07-13 13:28:00,20260320,"26C","plate1_low",NA,NA,NA,NA,NA,NA,NA,NA
"406","B","10",2012,"Resaz_plate1_low_T0_260320_1328","T0","1","B10",2026-07-13 13:28:00,20260320,"26C","plate1_low",NA,NA,NA,NA,NA,NA,NA,NA
"407","B","11",2011,"Resaz_plate1_low_T0_260320_1328","T0","1","B11",2026-07-13 13:28:00,20260320,"26C","plate1_low",NA,NA,NA,NA,NA,NA,NA,NA
"408","B","12",2003,"Resaz_plate1_low_T0_260320_1328","T0","1","B12",2026-07-13 13:28:00,20260320,"26C","plate1_low",NA,NA,NA,NA,NA,NA,NA,NA
"409","C","1",2051,"Resaz_plate1_low_T0_260320_1328","T0","1","C1",2026-07-13 13:28:00,20260320,"26C","plate1_low",NA,NA,NA,NA,NA,NA,NA,NA
"410","C","2",2058,"Resaz_plate1_low_T0_260320_1328","T0","1","C2",2026-07-13 13:28:00,20260320,"26C","plate1_low",NA,NA,NA,NA,NA,NA,NA,NA
"411","C","3",2034,"Resaz_plate1_low_T0_260320_1328","T0","1","C3",2026-07-13 13:28:00,20260320,"26C","plate1_low",NA,NA,NA,NA,NA,NA,NA,NA
"412","C","4",2220,"Resaz_plate1_low_T0_260320_1328","T0","1","C4",2026-07-13 13:28:00,20260320,"26C","plate1_low",NA,NA,NA,NA,NA,NA,NA,NA
"413","C","5",2022,"Resaz_plate1_low_T0_260320_1328","T0","1","C5",2026-07-13 13:28:00,20260320,"26C","plate1_low",NA,NA,NA,NA,NA,NA,NA,NA
"414","C","6",2167,"Resaz_plate1_low_T0_260320_1328","T0","1","C6",2026-07-13 13:28:00,20260320,"26C","plate1_low",NA,NA,NA,NA,NA,NA,NA,NA
"415","C","7",3510,"Resaz_plate1_low_T0_260320_1328","T0","1","C7",2026-07-13 13:28:00,20260320,"26C","plate1_low",NA,NA,NA,NA,NA,NA,NA,NA
"416","C","8",1938,"Resaz_plate1_low_T0_260320_1328","T0","1","C8",2026-07-13 13:28:00,20260320,"26C","plate1_low",NA,NA,NA,NA,NA,NA,NA,NA
"417","C","9",2129,"Resaz_plate1_low_T0_260320_1328","T0","1","C9",2026-07-13 13:28:00,20260320,"26C","plate1_low",NA,NA,NA,NA,NA,NA,NA,NA
"418","C","10",2158,"Resaz_plate1_low_T0_260320_1328","T0","1","C10",2026-07-13 13:28:00,20260320,"26C","plate1_low",NA,NA,NA,NA,NA,NA,NA,NA
"419","C","11",2257,"Resaz_plate1_low_T0_260320_1328","T0","1","C11",2026-07-13 13:28:00,20260320,"26C","plate1_low",NA,NA,NA,NA,NA,NA,NA,NA
"420","C","12",2202,"Resaz_plate1_low_T0_260320_1328","T0","1","C12",2026-07-13 13:28:00,20260320,"26C","plate1_low",NA,NA,NA,NA,NA,NA,NA,NA
"421","D","1",1519,"Resaz_plate1_low_T0_260320_1328","T0","1","D1",2026-07-13 13:28:00,20260320,"26C","plate1_low",NA,NA,NA,NA,NA,NA,NA,NA
"422","D","2",1411,"Resaz_plate1_low_T0_260320_1328","T0","1","D2",2026-07-13 13:28:00,20260320,"26C","plate1_low",NA,NA,NA,NA,NA,NA,NA,NA
"423","D","3",1443,"Resaz_plate1_low_T0_260320_1328","T0","1","D3",2026-07-13 13:28:00,20260320,"26C","plate1_low",NA,NA,NA,NA,NA,NA,NA,NA
"424","D","4",1492,"Resaz_plate1_low_T0_260320_1328","T0","1","D4",2026-07-13 13:28:00,20260320,"26C","plate1_low",NA,NA,NA,NA,NA,NA,NA,NA
"425","D","5",1420,"Resaz_plate1_low_T0_260320_1328","T0","1","D5",2026-07-13 13:28:00,20260320,"26C","plate1_low",NA,NA,NA,NA,NA,NA,NA,NA
"426","D","6",1561,"Resaz_plate1_low_T0_260320_1328","T0","1","D6",2026-07-13 13:28:00,20260320,"26C","plate1_low",NA,NA,NA,NA,NA,NA,NA,NA
"427","D","7",3255,"Resaz_plate1_low_T0_260320_1328","T0","1","D7",2026-07-13 13:28:00,20260320,"26C","plate1_low",NA,NA,NA,NA,NA,NA,NA,NA
"428","D","8",3528,"Resaz_plate1_low_T0_260320_1328","T0","1","D8",2026-07-13 13:28:00,20260320,"26C","plate1_low",NA,NA,NA,NA,NA,NA,NA,NA
"429","D","9",1371,"Resaz_plate1_low_T0_260320_1328","T0","1","D9",2026-07-13 13:28:00,20260320,"26C","plate1_low",NA,NA,NA,NA,NA,NA,NA,NA
"430","D","10",1487,"Resaz_plate1_low_T0_260320_1328","T0","1","D10",2026-07-13 13:28:00,20260320,"26C","plate1_low",NA,NA,NA,NA,NA,NA,NA,NA
"431","D","11",1396,"Resaz_plate1_low_T0_260320_1328","T0","1","D11",2026-07-13 13:28:00,20260320,"26C","plate1_low",NA,NA,NA,NA,NA,NA,NA,NA
"432","D","12",1378,"Resaz_plate1_low_T0_260320_1328","T0","1","D12",2026-07-13 13:28:00,20260320,"26C","plate1_low",NA,NA,NA,NA,NA,NA,NA,NA
"433","E","1",884,"Resaz_plate1_low_T0_260320_1328","T0","1","E1",2026-07-13 13:28:00,20260320,"26C","plate1_low",NA,NA,NA,NA,NA,NA,NA,NA
"434","E","2",944,"Resaz_plate1_low_T0_260320_1328","T0","1","E2",2026-07-13 13:28:00,20260320,"26C","plate1_low",NA,NA,NA,NA,NA,NA,NA,NA
"435","E","3",1221,"Resaz_plate1_low_T0_260320_1328","T0","1","E3",2026-07-13 13:28:00,20260320,"26C","plate1_low",NA,NA,NA,NA,NA,NA,NA,NA
"436","E","4",948,"Resaz_plate1_low_T0_260320_1328","T0","1","E4",2026-07-13 13:28:00,20260320,"26C","plate1_low",NA,NA,NA,NA,NA,NA,NA,NA
"437","E","5",987,"Resaz_plate1_low_T0_260320_1328","T0","1","E5",2026-07-13 13:28:00,20260320,"26C","plate1_low",NA,NA,NA,NA,NA,NA,NA,NA
"438","E","6",958,"Resaz_plate1_low_T0_260320_1328","T0","1","E6",2026-07-13 13:28:00,20260320,"26C","plate1_low",NA,NA,NA,NA,NA,NA,NA,NA
"439","E","7",2022,"Resaz_plate1_low_T0_260320_1328","T0","1","E7",2026-07-13 13:28:00,20260320,"26C","plate1_low",NA,NA,NA,NA,NA,NA,NA,NA
"440","E","8",1234,"Resaz_plate1_low_T0_260320_1328","T0","1","E8",2026-07-13 13:28:00,20260320,"26C","plate1_low",NA,NA,NA,NA,NA,NA,NA,NA
"441","E","9",970,"Resaz_plate1_low_T0_260320_1328","T0","1","E9",2026-07-13 13:28:00,20260320,"26C","plate1_low",NA,NA,NA,NA,NA,NA,NA,NA
"442","E","10",968,"Resaz_plate1_low_T0_260320_1328","T0","1","E10",2026-07-13 13:28:00,20260320,"26C","plate1_low",NA,NA,NA,NA,NA,NA,NA,NA
"443","E","11",3461,"Resaz_plate1_low_T0_260320_1328","T0","1","E11",2026-07-13 13:28:00,20260320,"26C","plate1_low",NA,NA,NA,NA,NA,NA,NA,NA
"444","E","12",935,"Resaz_plate1_low_T0_260320_1328","T0","1","E12",2026-07-13 13:28:00,20260320,"26C","plate1_low",NA,NA,NA,NA,NA,NA,NA,NA
"445","F","1",985,"Resaz_plate1_low_T0_260320_1328","T0","1","F1",2026-07-13 13:28:00,20260320,"26C","plate1_low",NA,NA,NA,NA,NA,NA,NA,NA
"446","F","2",900,"Resaz_plate1_low_T0_260320_1328","T0","1","F2",2026-07-13 13:28:00,20260320,"26C","plate1_low",NA,NA,NA,NA,NA,NA,NA,NA
"447","F","3",1147,"Resaz_plate1_low_T0_260320_1328","T0","1","F3",2026-07-13 13:28:00,20260320,"26C","plate1_low",NA,NA,NA,NA,NA,NA,NA,NA
"448","F","4",932,"Resaz_plate1_low_T0_260320_1328","T0","1","F4",2026-07-13 13:28:00,20260320,"26C","plate1_low",NA,NA,NA,NA,NA,NA,NA,NA
"449","F","5",871,"Resaz_plate1_low_T0_260320_1328","T0","1","F5",2026-07-13 13:28:00,20260320,"26C","plate1_low",NA,NA,NA,NA,NA,NA,NA,NA
"450","F","6",1092,"Resaz_plate1_low_T0_260320_1328","T0","1","F6",2026-07-13 13:28:00,20260320,"26C","plate1_low",NA,NA,NA,NA,NA,NA,NA,NA
"451","F","7",2298,"Resaz_plate1_low_T0_260320_1328","T0","1","F7",2026-07-13 13:28:00,20260320,"26C","plate1_low",NA,NA,NA,NA,NA,NA,NA,NA
"452","F","8",992,"Resaz_plate1_low_T0_260320_1328","T0","1","F8",2026-07-13 13:28:00,20260320,"26C","plate1_low",NA,NA,NA,NA,NA,NA,NA,NA
"453","F","9",3503,"Resaz_plate1_low_T0_260320_1328","T0","1","F9",2026-07-13 13:28:00,20260320,"26C","plate1_low",NA,NA,NA,NA,NA,NA,NA,NA
"454","F","10",955,"Resaz_plate1_low_T0_260320_1328","T0","1","F10",2026-07-13 13:28:00,20260320,"26C","plate1_low",NA,NA,NA,NA,NA,NA,NA,NA
"455","F","11",887,"Resaz_plate1_low_T0_260320_1328","T0","1","F11",2026-07-13 13:28:00,20260320,"26C","plate1_low",NA,NA,NA,NA,NA,NA,NA,NA
"456","F","12",1011,"Resaz_plate1_low_T0_260320_1328","T0","1","F12",2026-07-13 13:28:00,20260320,"26C","plate1_low",NA,NA,NA,NA,NA,NA,NA,NA
"457","G","1",897,"Resaz_plate1_low_T0_260320_1328","T0","1","G1",2026-07-13 13:28:00,20260320,"26C","plate1_low",NA,NA,NA,NA,NA,NA,NA,NA
"458","G","2",920,"Resaz_plate1_low_T0_260320_1328","T0","1","G2",2026-07-13 13:28:00,20260320,"26C","plate1_low",NA,NA,NA,NA,NA,NA,NA,NA
"459","G","3",3510,"Resaz_plate1_low_T0_260320_1328","T0","1","G3",2026-07-13 13:28:00,20260320,"26C","plate1_low",NA,NA,NA,NA,NA,NA,NA,NA
"460","G","4",902,"Resaz_plate1_low_T0_260320_1328","T0","1","G4",2026-07-13 13:28:00,20260320,"26C","plate1_low",NA,NA,NA,NA,NA,NA,NA,NA
"461","G","5",978,"Resaz_plate1_low_T0_260320_1328","T0","1","G5",2026-07-13 13:28:00,20260320,"26C","plate1_low",NA,NA,NA,NA,NA,NA,NA,NA
"462","G","6",1008,"Resaz_plate1_low_T0_260320_1328","T0","1","G6",2026-07-13 13:28:00,20260320,"26C","plate1_low",NA,NA,NA,NA,NA,NA,NA,NA
"463","G","7",3289,"Resaz_plate1_low_T0_260320_1328","T0","1","G7",2026-07-13 13:28:00,20260320,"26C","plate1_low",NA,NA,NA,NA,NA,NA,NA,NA
"464","G","8",3508,"Resaz_plate1_low_T0_260320_1328","T0","1","G8",2026-07-13 13:28:00,20260320,"26C","plate1_low",NA,NA,NA,NA,NA,NA,NA,NA
"465","G","9",920,"Resaz_plate1_low_T0_260320_1328","T0","1","G9",2026-07-13 13:28:00,20260320,"26C","plate1_low",NA,NA,NA,NA,NA,NA,NA,NA
"466","G","10",939,"Resaz_plate1_low_T0_260320_1328","T0","1","G10",2026-07-13 13:28:00,20260320,"26C","plate1_low",NA,NA,NA,NA,NA,NA,NA,NA
"467","G","11",993,"Resaz_plate1_low_T0_260320_1328","T0","1","G11",2026-07-13 13:28:00,20260320,"26C","plate1_low",NA,NA,NA,NA,NA,NA,NA,NA
"468","G","12",891,"Resaz_plate1_low_T0_260320_1328","T0","1","G12",2026-07-13 13:28:00,20260320,"26C","plate1_low",NA,NA,NA,NA,NA,NA,NA,NA
"469","H","1",914,"Resaz_plate1_low_T0_260320_1328","T0","1","H1",2026-07-13 13:28:00,20260320,"26C","plate1_low",NA,NA,NA,NA,NA,NA,NA,NA
"470","H","2",933,"Resaz_plate1_low_T0_260320_1328","T0","1","H2",2026-07-13 13:28:00,20260320,"26C","plate1_low",NA,NA,NA,NA,NA,NA,NA,NA
"471","H","3",884,"Resaz_plate1_low_T0_260320_1328","T0","1","H3",2026-07-13 13:28:00,20260320,"26C","plate1_low",NA,NA,NA,NA,NA,NA,NA,NA
"472","H","4",891,"Resaz_plate1_low_T0_260320_1328","T0","1","H4",2026-07-13 13:28:00,20260320,"26C","plate1_low",NA,NA,NA,NA,NA,NA,NA,NA
"473","H","5",933,"Resaz_plate1_low_T0_260320_1328","T0","1","H5",2026-07-13 13:28:00,20260320,"26C","plate1_low",NA,NA,NA,NA,NA,NA,NA,NA
"474","H","6",900,"Resaz_plate1_low_T0_260320_1328","T0","1","H6",2026-07-13 13:28:00,20260320,"26C","plate1_low",NA,NA,NA,NA,NA,NA,NA,NA
"475","H","7",960,"Resaz_plate1_low_T0_260320_1328","T0","1","H7",2026-07-13 13:28:00,20260320,"26C","plate1_low",NA,NA,NA,NA,NA,NA,NA,NA
"476","H","8",961,"Resaz_plate1_low_T0_260320_1328","T0","1","H8",2026-07-13 13:28:00,20260320,"26C","plate1_low",NA,NA,NA,NA,NA,NA,NA,NA
"477","H","9",856,"Resaz_plate1_low_T0_260320_1328","T0","1","H9",2026-07-13 13:28:00,20260320,"26C","plate1_low",NA,NA,NA,NA,NA,NA,NA,NA
"478","H","10",853,"Resaz_plate1_low_T0_260320_1328","T0","1","H10",2026-07-13 13:28:00,20260320,"26C","plate1_low",NA,NA,NA,NA,NA,NA,NA,NA
"479","H","11",874,"Resaz_plate1_low_T0_260320_1328","T0","1","H11",2026-07-13 13:28:00,20260320,"26C","plate1_low",NA,NA,NA,NA,NA,NA,NA,NA
"480","H","12",870,"Resaz_plate1_low_T0_260320_1328","T0","1","H12",2026-07-13 13:28:00,20260320,"26C","plate1_low",NA,NA,NA,NA,NA,NA,NA,NA
"481","A","1",2006,"Resaz_plate1_low_T1_260320_1436","T1","1","A1",2026-07-13 14:36:00,20260320,"26C","plate1_low",NA,NA,NA,NA,NA,NA,NA,NA
"482","A","2",2093,"Resaz_plate1_low_T1_260320_1436","T1","1","A2",2026-07-13 14:36:00,20260320,"26C","plate1_low",NA,NA,NA,NA,NA,NA,NA,NA
"483","A","3",1736,"Resaz_plate1_low_T1_260320_1436","T1","1","A3",2026-07-13 14:36:00,20260320,"26C","plate1_low",NA,NA,NA,NA,NA,NA,NA,NA
"484","A","4",2033,"Resaz_plate1_low_T1_260320_1436","T1","1","A4",2026-07-13 14:36:00,20260320,"26C","plate1_low",NA,NA,NA,NA,NA,NA,NA,NA
"485","A","5",1835,"Resaz_plate1_low_T1_260320_1436","T1","1","A5",2026-07-13 14:36:00,20260320,"26C","plate1_low",NA,NA,NA,NA,NA,NA,NA,NA
"486","A","6",1902,"Resaz_plate1_low_T1_260320_1436","T1","1","A6",2026-07-13 14:36:00,20260320,"26C","plate1_low",NA,NA,NA,NA,NA,NA,NA,NA
"487","A","7",2416,"Resaz_plate1_low_T1_260320_1436","T1","1","A7",2026-07-13 14:36:00,20260320,"26C","plate1_low",NA,NA,NA,NA,NA,NA,NA,NA
"488","A","8",1850,"Resaz_plate1_low_T1_260320_1436","T1","1","A8",2026-07-13 14:36:00,20260320,"26C","plate1_low",NA,NA,NA,NA,NA,NA,NA,NA
"489","A","9",1819,"Resaz_plate1_low_T1_260320_1436","T1","1","A9",2026-07-13 14:36:00,20260320,"26C","plate1_low",NA,NA,NA,NA,NA,NA,NA,NA
"490","A","10",1952,"Resaz_plate1_low_T1_260320_1436","T1","1","A10",2026-07-13 14:36:00,20260320,"26C","plate1_low",NA,NA,NA,NA,NA,NA,NA,NA
"491","A","11",1945,"Resaz_plate1_low_T1_260320_1436","T1","1","A11",2026-07-13 14:36:00,20260320,"26C","plate1_low",NA,NA,NA,NA,NA,NA,NA,NA
"492","A","12",1879,"Resaz_plate1_low_T1_260320_1436","T1","1","A12",2026-07-13 14:36:00,20260320,"26C","plate1_low",NA,NA,NA,NA,NA,NA,NA,NA
"493","B","1",2149,"Resaz_plate1_low_T1_260320_1436","T1","1","B1",2026-07-13 14:36:00,20260320,"26C","plate1_low",NA,NA,NA,NA,NA,NA,NA,NA
"494","B","2",2339,"Resaz_plate1_low_T1_260320_1436","T1","1","B2",2026-07-13 14:36:00,20260320,"26C","plate1_low",NA,NA,NA,NA,NA,NA,NA,NA
"495","B","3",2249,"Resaz_plate1_low_T1_260320_1436","T1","1","B3",2026-07-13 14:36:00,20260320,"26C","plate1_low",NA,NA,NA,NA,NA,NA,NA,NA
"496","B","4",2095,"Resaz_plate1_low_T1_260320_1436","T1","1","B4",2026-07-13 14:36:00,20260320,"26C","plate1_low",NA,NA,NA,NA,NA,NA,NA,NA
"497","B","5",2097,"Resaz_plate1_low_T1_260320_1436","T1","1","B5",2026-07-13 14:36:00,20260320,"26C","plate1_low",NA,NA,NA,NA,NA,NA,NA,NA
"498","B","6",2206,"Resaz_plate1_low_T1_260320_1436","T1","1","B6",2026-07-13 14:36:00,20260320,"26C","plate1_low",NA,NA,NA,NA,NA,NA,NA,NA
"499","B","7",3256,"Resaz_plate1_low_T1_260320_1436","T1","1","B7",2026-07-13 14:36:00,20260320,"26C","plate1_low",NA,NA,NA,NA,NA,NA,NA,NA
"500","B","8",1965,"Resaz_plate1_low_T1_260320_1436","T1","1","B8",2026-07-13 14:36:00,20260320,"26C","plate1_low",NA,NA,NA,NA,NA,NA,NA,NA
"501","B","9",2061,"Resaz_plate1_low_T1_260320_1436","T1","1","B9",2026-07-13 14:36:00,20260320,"26C","plate1_low",NA,NA,NA,NA,NA,NA,NA,NA
"502","B","10",2054,"Resaz_plate1_low_T1_260320_1436","T1","1","B10",2026-07-13 14:36:00,20260320,"26C","plate1_low",NA,NA,NA,NA,NA,NA,NA,NA
"503","B","11",2038,"Resaz_plate1_low_T1_260320_1436","T1","1","B11",2026-07-13 14:36:00,20260320,"26C","plate1_low",NA,NA,NA,NA,NA,NA,NA,NA
"504","B","12",2030,"Resaz_plate1_low_T1_260320_1436","T1","1","B12",2026-07-13 14:36:00,20260320,"26C","plate1_low",NA,NA,NA,NA,NA,NA,NA,NA
"505","C","1",2088,"Resaz_plate1_low_T1_260320_1436","T1","1","C1",2026-07-13 14:36:00,20260320,"26C","plate1_low",NA,NA,NA,NA,NA,NA,NA,NA
"506","C","2",2076,"Resaz_plate1_low_T1_260320_1436","T1","1","C2",2026-07-13 14:36:00,20260320,"26C","plate1_low",NA,NA,NA,NA,NA,NA,NA,NA
"507","C","3",2065,"Resaz_plate1_low_T1_260320_1436","T1","1","C3",2026-07-13 14:36:00,20260320,"26C","plate1_low",NA,NA,NA,NA,NA,NA,NA,NA
"508","C","4",2298,"Resaz_plate1_low_T1_260320_1436","T1","1","C4",2026-07-13 14:36:00,20260320,"26C","plate1_low",NA,NA,NA,NA,NA,NA,NA,NA
"509","C","5",2068,"Resaz_plate1_low_T1_260320_1436","T1","1","C5",2026-07-13 14:36:00,20260320,"26C","plate1_low",NA,NA,NA,NA,NA,NA,NA,NA
"510","C","6",2207,"Resaz_plate1_low_T1_260320_1436","T1","1","C6",2026-07-13 14:36:00,20260320,"26C","plate1_low",NA,NA,NA,NA,NA,NA,NA,NA
"511","C","7",3537,"Resaz_plate1_low_T1_260320_1436","T1","1","C7",2026-07-13 14:36:00,20260320,"26C","plate1_low",NA,NA,NA,NA,NA,NA,NA,NA
"512","C","8",1983,"Resaz_plate1_low_T1_260320_1436","T1","1","C8",2026-07-13 14:36:00,20260320,"26C","plate1_low",NA,NA,NA,NA,NA,NA,NA,NA
"513","C","9",2173,"Resaz_plate1_low_T1_260320_1436","T1","1","C9",2026-07-13 14:36:00,20260320,"26C","plate1_low",NA,NA,NA,NA,NA,NA,NA,NA
"514","C","10",2211,"Resaz_plate1_low_T1_260320_1436","T1","1","C10",2026-07-13 14:36:00,20260320,"26C","plate1_low",NA,NA,NA,NA,NA,NA,NA,NA
"515","C","11",2286,"Resaz_plate1_low_T1_260320_1436","T1","1","C11",2026-07-13 14:36:00,20260320,"26C","plate1_low",NA,NA,NA,NA,NA,NA,NA,NA
"516","C","12",2230,"Resaz_plate1_low_T1_260320_1436","T1","1","C12",2026-07-13 14:36:00,20260320,"26C","plate1_low",NA,NA,NA,NA,NA,NA,NA,NA
"517","D","1",1557,"Resaz_plate1_low_T1_260320_1436","T1","1","D1",2026-07-13 14:36:00,20260320,"26C","plate1_low",NA,NA,NA,NA,NA,NA,NA,NA
"518","D","2",1439,"Resaz_plate1_low_T1_260320_1436","T1","1","D2",2026-07-13 14:36:00,20260320,"26C","plate1_low",NA,NA,NA,NA,NA,NA,NA,NA
"519","D","3",1464,"Resaz_plate1_low_T1_260320_1436","T1","1","D3",2026-07-13 14:36:00,20260320,"26C","plate1_low",NA,NA,NA,NA,NA,NA,NA,NA
"520","D","4",1575,"Resaz_plate1_low_T1_260320_1436","T1","1","D4",2026-07-13 14:36:00,20260320,"26C","plate1_low",NA,NA,NA,NA,NA,NA,NA,NA
"521","D","5",1449,"Resaz_plate1_low_T1_260320_1436","T1","1","D5",2026-07-13 14:36:00,20260320,"26C","plate1_low",NA,NA,NA,NA,NA,NA,NA,NA
"522","D","6",1595,"Resaz_plate1_low_T1_260320_1436","T1","1","D6",2026-07-13 14:36:00,20260320,"26C","plate1_low",NA,NA,NA,NA,NA,NA,NA,NA
"523","D","7",3301,"Resaz_plate1_low_T1_260320_1436","T1","1","D7",2026-07-13 14:36:00,20260320,"26C","plate1_low",NA,NA,NA,NA,NA,NA,NA,NA
"524","D","8",3536,"Resaz_plate1_low_T1_260320_1436","T1","1","D8",2026-07-13 14:36:00,20260320,"26C","plate1_low",NA,NA,NA,NA,NA,NA,NA,NA
"525","D","9",1439,"Resaz_plate1_low_T1_260320_1436","T1","1","D9",2026-07-13 14:36:00,20260320,"26C","plate1_low",NA,NA,NA,NA,NA,NA,NA,NA
"526","D","10",1509,"Resaz_plate1_low_T1_260320_1436","T1","1","D10",2026-07-13 14:36:00,20260320,"26C","plate1_low",NA,NA,NA,NA,NA,NA,NA,NA
"527","D","11",1411,"Resaz_plate1_low_T1_260320_1436","T1","1","D11",2026-07-13 14:36:00,20260320,"26C","plate1_low",NA,NA,NA,NA,NA,NA,NA,NA
"528","D","12",1394,"Resaz_plate1_low_T1_260320_1436","T1","1","D12",2026-07-13 14:36:00,20260320,"26C","plate1_low",NA,NA,NA,NA,NA,NA,NA,NA
"529","E","1",926,"Resaz_plate1_low_T1_260320_1436","T1","1","E1",2026-07-13 14:36:00,20260320,"26C","plate1_low",NA,NA,NA,NA,NA,NA,NA,NA
"530","E","2",985,"Resaz_plate1_low_T1_260320_1436","T1","1","E2",2026-07-13 14:36:00,20260320,"26C","plate1_low",NA,NA,NA,NA,NA,NA,NA,NA
"531","E","3",1253,"Resaz_plate1_low_T1_260320_1436","T1","1","E3",2026-07-13 14:36:00,20260320,"26C","plate1_low",NA,NA,NA,NA,NA,NA,NA,NA
"532","E","4",1023,"Resaz_plate1_low_T1_260320_1436","T1","1","E4",2026-07-13 14:36:00,20260320,"26C","plate1_low",NA,NA,NA,NA,NA,NA,NA,NA
"533","E","5",1052,"Resaz_plate1_low_T1_260320_1436","T1","1","E5",2026-07-13 14:36:00,20260320,"26C","plate1_low",NA,NA,NA,NA,NA,NA,NA,NA
"534","E","6",994,"Resaz_plate1_low_T1_260320_1436","T1","1","E6",2026-07-13 14:36:00,20260320,"26C","plate1_low",NA,NA,NA,NA,NA,NA,NA,NA
"535","E","7",2108,"Resaz_plate1_low_T1_260320_1436","T1","1","E7",2026-07-13 14:36:00,20260320,"26C","plate1_low",NA,NA,NA,NA,NA,NA,NA,NA
"536","E","8",1268,"Resaz_plate1_low_T1_260320_1436","T1","1","E8",2026-07-13 14:36:00,20260320,"26C","plate1_low",NA,NA,NA,NA,NA,NA,NA,NA
"537","E","9",1009,"Resaz_plate1_low_T1_260320_1436","T1","1","E9",2026-07-13 14:36:00,20260320,"26C","plate1_low",NA,NA,NA,NA,NA,NA,NA,NA
"538","E","10",1005,"Resaz_plate1_low_T1_260320_1436","T1","1","E10",2026-07-13 14:36:00,20260320,"26C","plate1_low",NA,NA,NA,NA,NA,NA,NA,NA
"539","E","11",3479,"Resaz_plate1_low_T1_260320_1436","T1","1","E11",2026-07-13 14:36:00,20260320,"26C","plate1_low",NA,NA,NA,NA,NA,NA,NA,NA
"540","E","12",1013,"Resaz_plate1_low_T1_260320_1436","T1","1","E12",2026-07-13 14:36:00,20260320,"26C","plate1_low",NA,NA,NA,NA,NA,NA,NA,NA
"541","F","1",1019,"Resaz_plate1_low_T1_260320_1436","T1","1","F1",2026-07-13 14:36:00,20260320,"26C","plate1_low",NA,NA,NA,NA,NA,NA,NA,NA
"542","F","2",922,"Resaz_plate1_low_T1_260320_1436","T1","1","F2",2026-07-13 14:36:00,20260320,"26C","plate1_low",NA,NA,NA,NA,NA,NA,NA,NA
"543","F","3",1170,"Resaz_plate1_low_T1_260320_1436","T1","1","F3",2026-07-13 14:36:00,20260320,"26C","plate1_low",NA,NA,NA,NA,NA,NA,NA,NA
"544","F","4",964,"Resaz_plate1_low_T1_260320_1436","T1","1","F4",2026-07-13 14:36:00,20260320,"26C","plate1_low",NA,NA,NA,NA,NA,NA,NA,NA
"545","F","5",952,"Resaz_plate1_low_T1_260320_1436","T1","1","F5",2026-07-13 14:36:00,20260320,"26C","plate1_low",NA,NA,NA,NA,NA,NA,NA,NA
"546","F","6",1135,"Resaz_plate1_low_T1_260320_1436","T1","1","F6",2026-07-13 14:36:00,20260320,"26C","plate1_low",NA,NA,NA,NA,NA,NA,NA,NA
"547","F","7",2396,"Resaz_plate1_low_T1_260320_1436","T1","1","F7",2026-07-13 14:36:00,20260320,"26C","plate1_low",NA,NA,NA,NA,NA,NA,NA,NA
"548","F","8",1018,"Resaz_plate1_low_T1_260320_1436","T1","1","F8",2026-07-13 14:36:00,20260320,"26C","plate1_low",NA,NA,NA,NA,NA,NA,NA,NA
"549","F","9",3513,"Resaz_plate1_low_T1_260320_1436","T1","1","F9",2026-07-13 14:36:00,20260320,"26C","plate1_low",NA,NA,NA,NA,NA,NA,NA,NA
"550","F","10",997,"Resaz_plate1_low_T1_260320_1436","T1","1","F10",2026-07-13 14:36:00,20260320,"26C","plate1_low",NA,NA,NA,NA,NA,NA,NA,NA
"551","F","11",921,"Resaz_plate1_low_T1_260320_1436","T1","1","F11",2026-07-13 14:36:00,20260320,"26C","plate1_low",NA,NA,NA,NA,NA,NA,NA,NA
"552","F","12",1059,"Resaz_plate1_low_T1_260320_1436","T1","1","F12",2026-07-13 14:36:00,20260320,"26C","plate1_low",NA,NA,NA,NA,NA,NA,NA,NA
"553","G","1",947,"Resaz_plate1_low_T1_260320_1436","T1","1","G1",2026-07-13 14:36:00,20260320,"26C","plate1_low",NA,NA,NA,NA,NA,NA,NA,NA
"554","G","2",1005,"Resaz_plate1_low_T1_260320_1436","T1","1","G2",2026-07-13 14:36:00,20260320,"26C","plate1_low",NA,NA,NA,NA,NA,NA,NA,NA
"555","G","3",3518,"Resaz_plate1_low_T1_260320_1436","T1","1","G3",2026-07-13 14:36:00,20260320,"26C","plate1_low",NA,NA,NA,NA,NA,NA,NA,NA
"556","G","4",975,"Resaz_plate1_low_T1_260320_1436","T1","1","G4",2026-07-13 14:36:00,20260320,"26C","plate1_low",NA,NA,NA,NA,NA,NA,NA,NA
"557","G","5",1041,"Resaz_plate1_low_T1_260320_1436","T1","1","G5",2026-07-13 14:36:00,20260320,"26C","plate1_low",NA,NA,NA,NA,NA,NA,NA,NA
"558","G","6",1060,"Resaz_plate1_low_T1_260320_1436","T1","1","G6",2026-07-13 14:36:00,20260320,"26C","plate1_low",NA,NA,NA,NA,NA,NA,NA,NA
"559","G","7",3259,"Resaz_plate1_low_T1_260320_1436","T1","1","G7",2026-07-13 14:36:00,20260320,"26C","plate1_low",NA,NA,NA,NA,NA,NA,NA,NA
"560","G","8",3523,"Resaz_plate1_low_T1_260320_1436","T1","1","G8",2026-07-13 14:36:00,20260320,"26C","plate1_low",NA,NA,NA,NA,NA,NA,NA,NA
"561","G","9",972,"Resaz_plate1_low_T1_260320_1436","T1","1","G9",2026-07-13 14:36:00,20260320,"26C","plate1_low",NA,NA,NA,NA,NA,NA,NA,NA
"562","G","10",1028,"Resaz_plate1_low_T1_260320_1436","T1","1","G10",2026-07-13 14:36:00,20260320,"26C","plate1_low",NA,NA,NA,NA,NA,NA,NA,NA
"563","G","11",1034,"Resaz_plate1_low_T1_260320_1436","T1","1","G11",2026-07-13 14:36:00,20260320,"26C","plate1_low",NA,NA,NA,NA,NA,NA,NA,NA
"564","G","12",943,"Resaz_plate1_low_T1_260320_1436","T1","1","G12",2026-07-13 14:36:00,20260320,"26C","plate1_low",NA,NA,NA,NA,NA,NA,NA,NA
"565","H","1",945,"Resaz_plate1_low_T1_260320_1436","T1","1","H1",2026-07-13 14:36:00,20260320,"26C","plate1_low",NA,NA,NA,NA,NA,NA,NA,NA
"566","H","2",952,"Resaz_plate1_low_T1_260320_1436","T1","1","H2",2026-07-13 14:36:00,20260320,"26C","plate1_low",NA,NA,NA,NA,NA,NA,NA,NA
"567","H","3",909,"Resaz_plate1_low_T1_260320_1436","T1","1","H3",2026-07-13 14:36:00,20260320,"26C","plate1_low",NA,NA,NA,NA,NA,NA,NA,NA
"568","H","4",932,"Resaz_plate1_low_T1_260320_1436","T1","1","H4",2026-07-13 14:36:00,20260320,"26C","plate1_low",NA,NA,NA,NA,NA,NA,NA,NA
"569","H","5",983,"Resaz_plate1_low_T1_260320_1436","T1","1","H5",2026-07-13 14:36:00,20260320,"26C","plate1_low",NA,NA,NA,NA,NA,NA,NA,NA
"570","H","6",949,"Resaz_plate1_low_T1_260320_1436","T1","1","H6",2026-07-13 14:36:00,20260320,"26C","plate1_low",NA,NA,NA,NA,NA,NA,NA,NA
"571","H","7",1020,"Resaz_plate1_low_T1_260320_1436","T1","1","H7",2026-07-13 14:36:00,20260320,"26C","plate1_low",NA,NA,NA,NA,NA,NA,NA,NA
"572","H","8",1043,"Resaz_plate1_low_T1_260320_1436","T1","1","H8",2026-07-13 14:36:00,20260320,"26C","plate1_low",NA,NA,NA,NA,NA,NA,NA,NA
"573","H","9",932,"Resaz_plate1_low_T1_260320_1436","T1","1","H9",2026-07-13 14:36:00,20260320,"26C","plate1_low",NA,NA,NA,NA,NA,NA,NA,NA
"574","H","10",923,"Resaz_plate1_low_T1_260320_1436","T1","1","H10",2026-07-13 14:36:00,20260320,"26C","plate1_low",NA,NA,NA,NA,NA,NA,NA,NA
"575","H","11",933,"Resaz_plate1_low_T1_260320_1436","T1","1","H11",2026-07-13 14:36:00,20260320,"26C","plate1_low",NA,NA,NA,NA,NA,NA,NA,NA
"576","H","12",913,"Resaz_plate1_low_T1_260320_1436","T1","1","H12",2026-07-13 14:36:00,20260320,"26C","plate1_low",NA,NA,NA,NA,NA,NA,NA,NA
"577","A","1",2034,"Resaz_plate1_low_T2_260320_1542","T2","1","A1",2026-07-13 15:42:00,20260320,"26C","plate1_low",NA,NA,NA,NA,NA,NA,NA,NA
"578","A","2",2129,"Resaz_plate1_low_T2_260320_1542","T2","1","A2",2026-07-13 15:42:00,20260320,"26C","plate1_low",NA,NA,NA,NA,NA,NA,NA,NA
"579","A","3",1785,"Resaz_plate1_low_T2_260320_1542","T2","1","A3",2026-07-13 15:42:00,20260320,"26C","plate1_low",NA,NA,NA,NA,NA,NA,NA,NA
"580","A","4",2073,"Resaz_plate1_low_T2_260320_1542","T2","1","A4",2026-07-13 15:42:00,20260320,"26C","plate1_low",NA,NA,NA,NA,NA,NA,NA,NA
"581","A","5",1910,"Resaz_plate1_low_T2_260320_1542","T2","1","A5",2026-07-13 15:42:00,20260320,"26C","plate1_low",NA,NA,NA,NA,NA,NA,NA,NA
"582","A","6",1940,"Resaz_plate1_low_T2_260320_1542","T2","1","A6",2026-07-13 15:42:00,20260320,"26C","plate1_low",NA,NA,NA,NA,NA,NA,NA,NA
"583","A","7",2570,"Resaz_plate1_low_T2_260320_1542","T2","1","A7",2026-07-13 15:42:00,20260320,"26C","plate1_low",NA,NA,NA,NA,NA,NA,NA,NA
"584","A","8",1979,"Resaz_plate1_low_T2_260320_1542","T2","1","A8",2026-07-13 15:42:00,20260320,"26C","plate1_low",NA,NA,NA,NA,NA,NA,NA,NA
"585","A","9",1925,"Resaz_plate1_low_T2_260320_1542","T2","1","A9",2026-07-13 15:42:00,20260320,"26C","plate1_low",NA,NA,NA,NA,NA,NA,NA,NA
"586","A","10",2001,"Resaz_plate1_low_T2_260320_1542","T2","1","A10",2026-07-13 15:42:00,20260320,"26C","plate1_low",NA,NA,NA,NA,NA,NA,NA,NA
"587","A","11",2003,"Resaz_plate1_low_T2_260320_1542","T2","1","A11",2026-07-13 15:42:00,20260320,"26C","plate1_low",NA,NA,NA,NA,NA,NA,NA,NA
"588","A","12",1921,"Resaz_plate1_low_T2_260320_1542","T2","1","A12",2026-07-13 15:42:00,20260320,"26C","plate1_low",NA,NA,NA,NA,NA,NA,NA,NA
"589","B","1",2170,"Resaz_plate1_low_T2_260320_1542","T2","1","B1",2026-07-13 15:42:00,20260320,"26C","plate1_low",NA,NA,NA,NA,NA,NA,NA,NA
"590","B","2",2366,"Resaz_plate1_low_T2_260320_1542","T2","1","B2",2026-07-13 15:42:00,20260320,"26C","plate1_low",NA,NA,NA,NA,NA,NA,NA,NA
"591","B","3",2268,"Resaz_plate1_low_T2_260320_1542","T2","1","B3",2026-07-13 15:42:00,20260320,"26C","plate1_low",NA,NA,NA,NA,NA,NA,NA,NA
"592","B","4",2195,"Resaz_plate1_low_T2_260320_1542","T2","1","B4",2026-07-13 15:42:00,20260320,"26C","plate1_low",NA,NA,NA,NA,NA,NA,NA,NA
"593","B","5",2224,"Resaz_plate1_low_T2_260320_1542","T2","1","B5",2026-07-13 15:42:00,20260320,"26C","plate1_low",NA,NA,NA,NA,NA,NA,NA,NA
"594","B","6",2243,"Resaz_plate1_low_T2_260320_1542","T2","1","B6",2026-07-13 15:42:00,20260320,"26C","plate1_low",NA,NA,NA,NA,NA,NA,NA,NA
"595","B","7",3363,"Resaz_plate1_low_T2_260320_1542","T2","1","B7",2026-07-13 15:42:00,20260320,"26C","plate1_low",NA,NA,NA,NA,NA,NA,NA,NA
"596","B","8",2091,"Resaz_plate1_low_T2_260320_1542","T2","1","B8",2026-07-13 15:42:00,20260320,"26C","plate1_low",NA,NA,NA,NA,NA,NA,NA,NA
"597","B","9",2134,"Resaz_plate1_low_T2_260320_1542","T2","1","B9",2026-07-13 15:42:00,20260320,"26C","plate1_low",NA,NA,NA,NA,NA,NA,NA,NA
"598","B","10",2116,"Resaz_plate1_low_T2_260320_1542","T2","1","B10",2026-07-13 15:42:00,20260320,"26C","plate1_low",NA,NA,NA,NA,NA,NA,NA,NA
"599","B","11",2067,"Resaz_plate1_low_T2_260320_1542","T2","1","B11",2026-07-13 15:42:00,20260320,"26C","plate1_low",NA,NA,NA,NA,NA,NA,NA,NA
"600","B","12",2097,"Resaz_plate1_low_T2_260320_1542","T2","1","B12",2026-07-13 15:42:00,20260320,"26C","plate1_low",NA,NA,NA,NA,NA,NA,NA,NA
"601","C","1",2121,"Resaz_plate1_low_T2_260320_1542","T2","1","C1",2026-07-13 15:42:00,20260320,"26C","plate1_low",NA,NA,NA,NA,NA,NA,NA,NA
"602","C","2",2099,"Resaz_plate1_low_T2_260320_1542","T2","1","C2",2026-07-13 15:42:00,20260320,"26C","plate1_low",NA,NA,NA,NA,NA,NA,NA,NA
"603","C","3",2089,"Resaz_plate1_low_T2_260320_1542","T2","1","C3",2026-07-13 15:42:00,20260320,"26C","plate1_low",NA,NA,NA,NA,NA,NA,NA,NA
"604","C","4",2389,"Resaz_plate1_low_T2_260320_1542","T2","1","C4",2026-07-13 15:42:00,20260320,"26C","plate1_low",NA,NA,NA,NA,NA,NA,NA,NA
"605","C","5",2169,"Resaz_plate1_low_T2_260320_1542","T2","1","C5",2026-07-13 15:42:00,20260320,"26C","plate1_low",NA,NA,NA,NA,NA,NA,NA,NA
"606","C","6",2257,"Resaz_plate1_low_T2_260320_1542","T2","1","C6",2026-07-13 15:42:00,20260320,"26C","plate1_low",NA,NA,NA,NA,NA,NA,NA,NA
"607","C","7",3607,"Resaz_plate1_low_T2_260320_1542","T2","1","C7",2026-07-13 15:42:00,20260320,"26C","plate1_low",NA,NA,NA,NA,NA,NA,NA,NA
"608","C","8",2033,"Resaz_plate1_low_T2_260320_1542","T2","1","C8",2026-07-13 15:42:00,20260320,"26C","plate1_low",NA,NA,NA,NA,NA,NA,NA,NA
"609","C","9",2210,"Resaz_plate1_low_T2_260320_1542","T2","1","C9",2026-07-13 15:42:00,20260320,"26C","plate1_low",NA,NA,NA,NA,NA,NA,NA,NA
"610","C","10",2276,"Resaz_plate1_low_T2_260320_1542","T2","1","C10",2026-07-13 15:42:00,20260320,"26C","plate1_low",NA,NA,NA,NA,NA,NA,NA,NA
"611","C","11",2312,"Resaz_plate1_low_T2_260320_1542","T2","1","C11",2026-07-13 15:42:00,20260320,"26C","plate1_low",NA,NA,NA,NA,NA,NA,NA,NA
"612","C","12",2271,"Resaz_plate1_low_T2_260320_1542","T2","1","C12",2026-07-13 15:42:00,20260320,"26C","plate1_low",NA,NA,NA,NA,NA,NA,NA,NA
"613","D","1",1605,"Resaz_plate1_low_T2_260320_1542","T2","1","D1",2026-07-13 15:42:00,20260320,"26C","plate1_low",NA,NA,NA,NA,NA,NA,NA,NA
"614","D","2",1477,"Resaz_plate1_low_T2_260320_1542","T2","1","D2",2026-07-13 15:42:00,20260320,"26C","plate1_low",NA,NA,NA,NA,NA,NA,NA,NA
"615","D","3",1497,"Resaz_plate1_low_T2_260320_1542","T2","1","D3",2026-07-13 15:42:00,20260320,"26C","plate1_low",NA,NA,NA,NA,NA,NA,NA,NA
"616","D","4",1676,"Resaz_plate1_low_T2_260320_1542","T2","1","D4",2026-07-13 15:42:00,20260320,"26C","plate1_low",NA,NA,NA,NA,NA,NA,NA,NA
"617","D","5",1504,"Resaz_plate1_low_T2_260320_1542","T2","1","D5",2026-07-13 15:42:00,20260320,"26C","plate1_low",NA,NA,NA,NA,NA,NA,NA,NA
"618","D","6",1636,"Resaz_plate1_low_T2_260320_1542","T2","1","D6",2026-07-13 15:42:00,20260320,"26C","plate1_low",NA,NA,NA,NA,NA,NA,NA,NA
"619","D","7",3346,"Resaz_plate1_low_T2_260320_1542","T2","1","D7",2026-07-13 15:42:00,20260320,"26C","plate1_low",NA,NA,NA,NA,NA,NA,NA,NA
"620","D","8",3554,"Resaz_plate1_low_T2_260320_1542","T2","1","D8",2026-07-13 15:42:00,20260320,"26C","plate1_low",NA,NA,NA,NA,NA,NA,NA,NA
"621","D","9",1497,"Resaz_plate1_low_T2_260320_1542","T2","1","D9",2026-07-13 15:42:00,20260320,"26C","plate1_low",NA,NA,NA,NA,NA,NA,NA,NA
"622","D","10",1549,"Resaz_plate1_low_T2_260320_1542","T2","1","D10",2026-07-13 15:42:00,20260320,"26C","plate1_low",NA,NA,NA,NA,NA,NA,NA,NA
"623","D","11",1435,"Resaz_plate1_low_T2_260320_1542","T2","1","D11",2026-07-13 15:42:00,20260320,"26C","plate1_low",NA,NA,NA,NA,NA,NA,NA,NA
"624","D","12",1430,"Resaz_plate1_low_T2_260320_1542","T2","1","D12",2026-07-13 15:42:00,20260320,"26C","plate1_low",NA,NA,NA,NA,NA,NA,NA,NA
"625","E","1",956,"Resaz_plate1_low_T2_260320_1542","T2","1","E1",2026-07-13 15:42:00,20260320,"26C","plate1_low",NA,NA,NA,NA,NA,NA,NA,NA
"626","E","2",1033,"Resaz_plate1_low_T2_260320_1542","T2","1","E2",2026-07-13 15:42:00,20260320,"26C","plate1_low",NA,NA,NA,NA,NA,NA,NA,NA
"627","E","3",1303,"Resaz_plate1_low_T2_260320_1542","T2","1","E3",2026-07-13 15:42:00,20260320,"26C","plate1_low",NA,NA,NA,NA,NA,NA,NA,NA
"628","E","4",1088,"Resaz_plate1_low_T2_260320_1542","T2","1","E4",2026-07-13 15:42:00,20260320,"26C","plate1_low",NA,NA,NA,NA,NA,NA,NA,NA
"629","E","5",1122,"Resaz_plate1_low_T2_260320_1542","T2","1","E5",2026-07-13 15:42:00,20260320,"26C","plate1_low",NA,NA,NA,NA,NA,NA,NA,NA
"630","E","6",1040,"Resaz_plate1_low_T2_260320_1542","T2","1","E6",2026-07-13 15:42:00,20260320,"26C","plate1_low",NA,NA,NA,NA,NA,NA,NA,NA
"631","E","7",2178,"Resaz_plate1_low_T2_260320_1542","T2","1","E7",2026-07-13 15:42:00,20260320,"26C","plate1_low",NA,NA,NA,NA,NA,NA,NA,NA
"632","E","8",1309,"Resaz_plate1_low_T2_260320_1542","T2","1","E8",2026-07-13 15:42:00,20260320,"26C","plate1_low",NA,NA,NA,NA,NA,NA,NA,NA
"633","E","9",1052,"Resaz_plate1_low_T2_260320_1542","T2","1","E9",2026-07-13 15:42:00,20260320,"26C","plate1_low",NA,NA,NA,NA,NA,NA,NA,NA
"634","E","10",1059,"Resaz_plate1_low_T2_260320_1542","T2","1","E10",2026-07-13 15:42:00,20260320,"26C","plate1_low",NA,NA,NA,NA,NA,NA,NA,NA
"635","E","11",3524,"Resaz_plate1_low_T2_260320_1542","T2","1","E11",2026-07-13 15:42:00,20260320,"26C","plate1_low",NA,NA,NA,NA,NA,NA,NA,NA
"636","E","12",1105,"Resaz_plate1_low_T2_260320_1542","T2","1","E12",2026-07-13 15:42:00,20260320,"26C","plate1_low",NA,NA,NA,NA,NA,NA,NA,NA
"637","F","1",1049,"Resaz_plate1_low_T2_260320_1542","T2","1","F1",2026-07-13 15:42:00,20260320,"26C","plate1_low",NA,NA,NA,NA,NA,NA,NA,NA
"638","F","2",959,"Resaz_plate1_low_T2_260320_1542","T2","1","F2",2026-07-13 15:42:00,20260320,"26C","plate1_low",NA,NA,NA,NA,NA,NA,NA,NA
"639","F","3",1202,"Resaz_plate1_low_T2_260320_1542","T2","1","F3",2026-07-13 15:42:00,20260320,"26C","plate1_low",NA,NA,NA,NA,NA,NA,NA,NA
"640","F","4",1012,"Resaz_plate1_low_T2_260320_1542","T2","1","F4",2026-07-13 15:42:00,20260320,"26C","plate1_low",NA,NA,NA,NA,NA,NA,NA,NA
"641","F","5",1044,"Resaz_plate1_low_T2_260320_1542","T2","1","F5",2026-07-13 15:42:00,20260320,"26C","plate1_low",NA,NA,NA,NA,NA,NA,NA,NA
"642","F","6",1209,"Resaz_plate1_low_T2_260320_1542","T2","1","F6",2026-07-13 15:42:00,20260320,"26C","plate1_low",NA,NA,NA,NA,NA,NA,NA,NA
"643","F","7",2519,"Resaz_plate1_low_T2_260320_1542","T2","1","F7",2026-07-13 15:42:00,20260320,"26C","plate1_low",NA,NA,NA,NA,NA,NA,NA,NA
"644","F","8",1064,"Resaz_plate1_low_T2_260320_1542","T2","1","F8",2026-07-13 15:42:00,20260320,"26C","plate1_low",NA,NA,NA,NA,NA,NA,NA,NA
"645","F","9",3542,"Resaz_plate1_low_T2_260320_1542","T2","1","F9",2026-07-13 15:42:00,20260320,"26C","plate1_low",NA,NA,NA,NA,NA,NA,NA,NA
"646","F","10",1053,"Resaz_plate1_low_T2_260320_1542","T2","1","F10",2026-07-13 15:42:00,20260320,"26C","plate1_low",NA,NA,NA,NA,NA,NA,NA,NA
"647","F","11",964,"Resaz_plate1_low_T2_260320_1542","T2","1","F11",2026-07-13 15:42:00,20260320,"26C","plate1_low",NA,NA,NA,NA,NA,NA,NA,NA
"648","F","12",1114,"Resaz_plate1_low_T2_260320_1542","T2","1","F12",2026-07-13 15:42:00,20260320,"26C","plate1_low",NA,NA,NA,NA,NA,NA,NA,NA
"649","G","1",996,"Resaz_plate1_low_T2_260320_1542","T2","1","G1",2026-07-13 15:42:00,20260320,"26C","plate1_low",NA,NA,NA,NA,NA,NA,NA,NA
"650","G","2",1083,"Resaz_plate1_low_T2_260320_1542","T2","1","G2",2026-07-13 15:42:00,20260320,"26C","plate1_low",NA,NA,NA,NA,NA,NA,NA,NA
"651","G","3",3543,"Resaz_plate1_low_T2_260320_1542","T2","1","G3",2026-07-13 15:42:00,20260320,"26C","plate1_low",NA,NA,NA,NA,NA,NA,NA,NA
"652","G","4",1072,"Resaz_plate1_low_T2_260320_1542","T2","1","G4",2026-07-13 15:42:00,20260320,"26C","plate1_low",NA,NA,NA,NA,NA,NA,NA,NA
"653","G","5",1152,"Resaz_plate1_low_T2_260320_1542","T2","1","G5",2026-07-13 15:42:00,20260320,"26C","plate1_low",NA,NA,NA,NA,NA,NA,NA,NA
"654","G","6",1150,"Resaz_plate1_low_T2_260320_1542","T2","1","G6",2026-07-13 15:42:00,20260320,"26C","plate1_low",NA,NA,NA,NA,NA,NA,NA,NA
"655","G","7",3182,"Resaz_plate1_low_T2_260320_1542","T2","1","G7",2026-07-13 15:42:00,20260320,"26C","plate1_low",NA,NA,NA,NA,NA,NA,NA,NA
"656","G","8",3541,"Resaz_plate1_low_T2_260320_1542","T2","1","G8",2026-07-13 15:42:00,20260320,"26C","plate1_low",NA,NA,NA,NA,NA,NA,NA,NA
"657","G","9",1045,"Resaz_plate1_low_T2_260320_1542","T2","1","G9",2026-07-13 15:42:00,20260320,"26C","plate1_low",NA,NA,NA,NA,NA,NA,NA,NA
"658","G","10",1130,"Resaz_plate1_low_T2_260320_1542","T2","1","G10",2026-07-13 15:42:00,20260320,"26C","plate1_low",NA,NA,NA,NA,NA,NA,NA,NA
"659","G","11",1081,"Resaz_plate1_low_T2_260320_1542","T2","1","G11",2026-07-13 15:42:00,20260320,"26C","plate1_low",NA,NA,NA,NA,NA,NA,NA,NA
"660","G","12",982,"Resaz_plate1_low_T2_260320_1542","T2","1","G12",2026-07-13 15:42:00,20260320,"26C","plate1_low",NA,NA,NA,NA,NA,NA,NA,NA
"661","H","1",978,"Resaz_plate1_low_T2_260320_1542","T2","1","H1",2026-07-13 15:42:00,20260320,"26C","plate1_low",NA,NA,NA,NA,NA,NA,NA,NA
"662","H","2",1006,"Resaz_plate1_low_T2_260320_1542","T2","1","H2",2026-07-13 15:42:00,20260320,"26C","plate1_low",NA,NA,NA,NA,NA,NA,NA,NA
"663","H","3",991,"Resaz_plate1_low_T2_260320_1542","T2","1","H3",2026-07-13 15:42:00,20260320,"26C","plate1_low",NA,NA,NA,NA,NA,NA,NA,NA
"664","H","4",1040,"Resaz_plate1_low_T2_260320_1542","T2","1","H4",2026-07-13 15:42:00,20260320,"26C","plate1_low",NA,NA,NA,NA,NA,NA,NA,NA
"665","H","5",1111,"Resaz_plate1_low_T2_260320_1542","T2","1","H5",2026-07-13 15:42:00,20260320,"26C","plate1_low",NA,NA,NA,NA,NA,NA,NA,NA
"666","H","6",1074,"Resaz_plate1_low_T2_260320_1542","T2","1","H6",2026-07-13 15:42:00,20260320,"26C","plate1_low",NA,NA,NA,NA,NA,NA,NA,NA
"667","H","7",1132,"Resaz_plate1_low_T2_260320_1542","T2","1","H7",2026-07-13 15:42:00,20260320,"26C","plate1_low",NA,NA,NA,NA,NA,NA,NA,NA
"668","H","8",1176,"Resaz_plate1_low_T2_260320_1542","T2","1","H8",2026-07-13 15:42:00,20260320,"26C","plate1_low",NA,NA,NA,NA,NA,NA,NA,NA
"669","H","9",1042,"Resaz_plate1_low_T2_260320_1542","T2","1","H9",2026-07-13 15:42:00,20260320,"26C","plate1_low",NA,NA,NA,NA,NA,NA,NA,NA
"670","H","10",1011,"Resaz_plate1_low_T2_260320_1542","T2","1","H10",2026-07-13 15:42:00,20260320,"26C","plate1_low",NA,NA,NA,NA,NA,NA,NA,NA
"671","H","11",994,"Resaz_plate1_low_T2_260320_1542","T2","1","H11",2026-07-13 15:42:00,20260320,"26C","plate1_low",NA,NA,NA,NA,NA,NA,NA,NA
"672","H","12",952,"Resaz_plate1_low_T2_260320_1542","T2","1","H12",2026-07-13 15:42:00,20260320,"26C","plate1_low",NA,NA,NA,NA,NA,NA,NA,NA
"673","A","1",2072,"Resaz_plate1_low_T3_260320_1649","T3","1","A1",2026-07-13 16:49:00,20260320,"26C","plate1_low",NA,NA,NA,NA,NA,NA,NA,NA
"674","A","2",2163,"Resaz_plate1_low_T3_260320_1649","T3","1","A2",2026-07-13 16:49:00,20260320,"26C","plate1_low",NA,NA,NA,NA,NA,NA,NA,NA
"675","A","3",1813,"Resaz_plate1_low_T3_260320_1649","T3","1","A3",2026-07-13 16:49:00,20260320,"26C","plate1_low",NA,NA,NA,NA,NA,NA,NA,NA
"676","A","4",2111,"Resaz_plate1_low_T3_260320_1649","T3","1","A4",2026-07-13 16:49:00,20260320,"26C","plate1_low",NA,NA,NA,NA,NA,NA,NA,NA
"677","A","5",1940,"Resaz_plate1_low_T3_260320_1649","T3","1","A5",2026-07-13 16:49:00,20260320,"26C","plate1_low",NA,NA,NA,NA,NA,NA,NA,NA
"678","A","6",1977,"Resaz_plate1_low_T3_260320_1649","T3","1","A6",2026-07-13 16:49:00,20260320,"26C","plate1_low",NA,NA,NA,NA,NA,NA,NA,NA
"679","A","7",2612,"Resaz_plate1_low_T3_260320_1649","T3","1","A7",2026-07-13 16:49:00,20260320,"26C","plate1_low",NA,NA,NA,NA,NA,NA,NA,NA
"680","A","8",2017,"Resaz_plate1_low_T3_260320_1649","T3","1","A8",2026-07-13 16:49:00,20260320,"26C","plate1_low",NA,NA,NA,NA,NA,NA,NA,NA
"681","A","9",1962,"Resaz_plate1_low_T3_260320_1649","T3","1","A9",2026-07-13 16:49:00,20260320,"26C","plate1_low",NA,NA,NA,NA,NA,NA,NA,NA
"682","A","10",2031,"Resaz_plate1_low_T3_260320_1649","T3","1","A10",2026-07-13 16:49:00,20260320,"26C","plate1_low",NA,NA,NA,NA,NA,NA,NA,NA
"683","A","11",2030,"Resaz_plate1_low_T3_260320_1649","T3","1","A11",2026-07-13 16:49:00,20260320,"26C","plate1_low",NA,NA,NA,NA,NA,NA,NA,NA
"684","A","12",1952,"Resaz_plate1_low_T3_260320_1649","T3","1","A12",2026-07-13 16:49:00,20260320,"26C","plate1_low",NA,NA,NA,NA,NA,NA,NA,NA
"685","B","1",2197,"Resaz_plate1_low_T3_260320_1649","T3","1","B1",2026-07-13 16:49:00,20260320,"26C","plate1_low",NA,NA,NA,NA,NA,NA,NA,NA
"686","B","2",2390,"Resaz_plate1_low_T3_260320_1649","T3","1","B2",2026-07-13 16:49:00,20260320,"26C","plate1_low",NA,NA,NA,NA,NA,NA,NA,NA
"687","B","3",2291,"Resaz_plate1_low_T3_260320_1649","T3","1","B3",2026-07-13 16:49:00,20260320,"26C","plate1_low",NA,NA,NA,NA,NA,NA,NA,NA
"688","B","4",2223,"Resaz_plate1_low_T3_260320_1649","T3","1","B4",2026-07-13 16:49:00,20260320,"26C","plate1_low",NA,NA,NA,NA,NA,NA,NA,NA
"689","B","5",2253,"Resaz_plate1_low_T3_260320_1649","T3","1","B5",2026-07-13 16:49:00,20260320,"26C","plate1_low",NA,NA,NA,NA,NA,NA,NA,NA
"690","B","6",2263,"Resaz_plate1_low_T3_260320_1649","T3","1","B6",2026-07-13 16:49:00,20260320,"26C","plate1_low",NA,NA,NA,NA,NA,NA,NA,NA
"691","B","7",3399,"Resaz_plate1_low_T3_260320_1649","T3","1","B7",2026-07-13 16:49:00,20260320,"26C","plate1_low",NA,NA,NA,NA,NA,NA,NA,NA
"692","B","8",2117,"Resaz_plate1_low_T3_260320_1649","T3","1","B8",2026-07-13 16:49:00,20260320,"26C","plate1_low",NA,NA,NA,NA,NA,NA,NA,NA
"693","B","9",2167,"Resaz_plate1_low_T3_260320_1649","T3","1","B9",2026-07-13 16:49:00,20260320,"26C","plate1_low",NA,NA,NA,NA,NA,NA,NA,NA
"694","B","10",2148,"Resaz_plate1_low_T3_260320_1649","T3","1","B10",2026-07-13 16:49:00,20260320,"26C","plate1_low",NA,NA,NA,NA,NA,NA,NA,NA
"695","B","11",2093,"Resaz_plate1_low_T3_260320_1649","T3","1","B11",2026-07-13 16:49:00,20260320,"26C","plate1_low",NA,NA,NA,NA,NA,NA,NA,NA
"696","B","12",2142,"Resaz_plate1_low_T3_260320_1649","T3","1","B12",2026-07-13 16:49:00,20260320,"26C","plate1_low",NA,NA,NA,NA,NA,NA,NA,NA
"697","C","1",2156,"Resaz_plate1_low_T3_260320_1649","T3","1","C1",2026-07-13 16:49:00,20260320,"26C","plate1_low",NA,NA,NA,NA,NA,NA,NA,NA
"698","C","2",2125,"Resaz_plate1_low_T3_260320_1649","T3","1","C2",2026-07-13 16:49:00,20260320,"26C","plate1_low",NA,NA,NA,NA,NA,NA,NA,NA
"699","C","3",2115,"Resaz_plate1_low_T3_260320_1649","T3","1","C3",2026-07-13 16:49:00,20260320,"26C","plate1_low",NA,NA,NA,NA,NA,NA,NA,NA
"700","C","4",2426,"Resaz_plate1_low_T3_260320_1649","T3","1","C4",2026-07-13 16:49:00,20260320,"26C","plate1_low",NA,NA,NA,NA,NA,NA,NA,NA
"701","C","5",2204,"Resaz_plate1_low_T3_260320_1649","T3","1","C5",2026-07-13 16:49:00,20260320,"26C","plate1_low",NA,NA,NA,NA,NA,NA,NA,NA
"702","C","6",2286,"Resaz_plate1_low_T3_260320_1649","T3","1","C6",2026-07-13 16:49:00,20260320,"26C","plate1_low",NA,NA,NA,NA,NA,NA,NA,NA
"703","C","7",3610,"Resaz_plate1_low_T3_260320_1649","T3","1","C7",2026-07-13 16:49:00,20260320,"26C","plate1_low",NA,NA,NA,NA,NA,NA,NA,NA
"704","C","8",2075,"Resaz_plate1_low_T3_260320_1649","T3","1","C8",2026-07-13 16:49:00,20260320,"26C","plate1_low",NA,NA,NA,NA,NA,NA,NA,NA
"705","C","9",2248,"Resaz_plate1_low_T3_260320_1649","T3","1","C9",2026-07-13 16:49:00,20260320,"26C","plate1_low",NA,NA,NA,NA,NA,NA,NA,NA
"706","C","10",2323,"Resaz_plate1_low_T3_260320_1649","T3","1","C10",2026-07-13 16:49:00,20260320,"26C","plate1_low",NA,NA,NA,NA,NA,NA,NA,NA
"707","C","11",2343,"Resaz_plate1_low_T3_260320_1649","T3","1","C11",2026-07-13 16:49:00,20260320,"26C","plate1_low",NA,NA,NA,NA,NA,NA,NA,NA
"708","C","12",2310,"Resaz_plate1_low_T3_260320_1649","T3","1","C12",2026-07-13 16:49:00,20260320,"26C","plate1_low",NA,NA,NA,NA,NA,NA,NA,NA
"709","D","1",1634,"Resaz_plate1_low_T3_260320_1649","T3","1","D1",2026-07-13 16:49:00,20260320,"26C","plate1_low",NA,NA,NA,NA,NA,NA,NA,NA
"710","D","2",1505,"Resaz_plate1_low_T3_260320_1649","T3","1","D2",2026-07-13 16:49:00,20260320,"26C","plate1_low",NA,NA,NA,NA,NA,NA,NA,NA
"711","D","3",1516,"Resaz_plate1_low_T3_260320_1649","T3","1","D3",2026-07-13 16:49:00,20260320,"26C","plate1_low",NA,NA,NA,NA,NA,NA,NA,NA
"712","D","4",1739,"Resaz_plate1_low_T3_260320_1649","T3","1","D4",2026-07-13 16:49:00,20260320,"26C","plate1_low",NA,NA,NA,NA,NA,NA,NA,NA
"713","D","5",1535,"Resaz_plate1_low_T3_260320_1649","T3","1","D5",2026-07-13 16:49:00,20260320,"26C","plate1_low",NA,NA,NA,NA,NA,NA,NA,NA
"714","D","6",1663,"Resaz_plate1_low_T3_260320_1649","T3","1","D6",2026-07-13 16:49:00,20260320,"26C","plate1_low",NA,NA,NA,NA,NA,NA,NA,NA
"715","D","7",3385,"Resaz_plate1_low_T3_260320_1649","T3","1","D7",2026-07-13 16:49:00,20260320,"26C","plate1_low",NA,NA,NA,NA,NA,NA,NA,NA
"716","D","8",3574,"Resaz_plate1_low_T3_260320_1649","T3","1","D8",2026-07-13 16:49:00,20260320,"26C","plate1_low",NA,NA,NA,NA,NA,NA,NA,NA
"717","D","9",1554,"Resaz_plate1_low_T3_260320_1649","T3","1","D9",2026-07-13 16:49:00,20260320,"26C","plate1_low",NA,NA,NA,NA,NA,NA,NA,NA
"718","D","10",1579,"Resaz_plate1_low_T3_260320_1649","T3","1","D10",2026-07-13 16:49:00,20260320,"26C","plate1_low",NA,NA,NA,NA,NA,NA,NA,NA
"719","D","11",1454,"Resaz_plate1_low_T3_260320_1649","T3","1","D11",2026-07-13 16:49:00,20260320,"26C","plate1_low",NA,NA,NA,NA,NA,NA,NA,NA
"720","D","12",1455,"Resaz_plate1_low_T3_260320_1649","T3","1","D12",2026-07-13 16:49:00,20260320,"26C","plate1_low",NA,NA,NA,NA,NA,NA,NA,NA
"721","E","1",977,"Resaz_plate1_low_T3_260320_1649","T3","1","E1",2026-07-13 16:49:00,20260320,"26C","plate1_low",NA,NA,NA,NA,NA,NA,NA,NA
"722","E","2",1065,"Resaz_plate1_low_T3_260320_1649","T3","1","E2",2026-07-13 16:49:00,20260320,"26C","plate1_low",NA,NA,NA,NA,NA,NA,NA,NA
"723","E","3",1324,"Resaz_plate1_low_T3_260320_1649","T3","1","E3",2026-07-13 16:49:00,20260320,"26C","plate1_low",NA,NA,NA,NA,NA,NA,NA,NA
"724","E","4",1122,"Resaz_plate1_low_T3_260320_1649","T3","1","E4",2026-07-13 16:49:00,20260320,"26C","plate1_low",NA,NA,NA,NA,NA,NA,NA,NA
"725","E","5",1164,"Resaz_plate1_low_T3_260320_1649","T3","1","E5",2026-07-13 16:49:00,20260320,"26C","plate1_low",NA,NA,NA,NA,NA,NA,NA,NA
"726","E","6",1066,"Resaz_plate1_low_T3_260320_1649","T3","1","E6",2026-07-13 16:49:00,20260320,"26C","plate1_low",NA,NA,NA,NA,NA,NA,NA,NA
"727","E","7",2222,"Resaz_plate1_low_T3_260320_1649","T3","1","E7",2026-07-13 16:49:00,20260320,"26C","plate1_low",NA,NA,NA,NA,NA,NA,NA,NA
"728","E","8",1344,"Resaz_plate1_low_T3_260320_1649","T3","1","E8",2026-07-13 16:49:00,20260320,"26C","plate1_low",NA,NA,NA,NA,NA,NA,NA,NA
"729","E","9",1088,"Resaz_plate1_low_T3_260320_1649","T3","1","E9",2026-07-13 16:49:00,20260320,"26C","plate1_low",NA,NA,NA,NA,NA,NA,NA,NA
"730","E","10",1089,"Resaz_plate1_low_T3_260320_1649","T3","1","E10",2026-07-13 16:49:00,20260320,"26C","plate1_low",NA,NA,NA,NA,NA,NA,NA,NA
"731","E","11",3545,"Resaz_plate1_low_T3_260320_1649","T3","1","E11",2026-07-13 16:49:00,20260320,"26C","plate1_low",NA,NA,NA,NA,NA,NA,NA,NA
"732","E","12",1151,"Resaz_plate1_low_T3_260320_1649","T3","1","E12",2026-07-13 16:49:00,20260320,"26C","plate1_low",NA,NA,NA,NA,NA,NA,NA,NA
"733","F","1",1073,"Resaz_plate1_low_T3_260320_1649","T3","1","F1",2026-07-13 16:49:00,20260320,"26C","plate1_low",NA,NA,NA,NA,NA,NA,NA,NA
"734","F","2",983,"Resaz_plate1_low_T3_260320_1649","T3","1","F2",2026-07-13 16:49:00,20260320,"26C","plate1_low",NA,NA,NA,NA,NA,NA,NA,NA
"735","F","3",1225,"Resaz_plate1_low_T3_260320_1649","T3","1","F3",2026-07-13 16:49:00,20260320,"26C","plate1_low",NA,NA,NA,NA,NA,NA,NA,NA
"736","F","4",1041,"Resaz_plate1_low_T3_260320_1649","T3","1","F4",2026-07-13 16:49:00,20260320,"26C","plate1_low",NA,NA,NA,NA,NA,NA,NA,NA
"737","F","5",1101,"Resaz_plate1_low_T3_260320_1649","T3","1","F5",2026-07-13 16:49:00,20260320,"26C","plate1_low",NA,NA,NA,NA,NA,NA,NA,NA
"738","F","6",1251,"Resaz_plate1_low_T3_260320_1649","T3","1","F6",2026-07-13 16:49:00,20260320,"26C","plate1_low",NA,NA,NA,NA,NA,NA,NA,NA
"739","F","7",2623,"Resaz_plate1_low_T3_260320_1649","T3","1","F7",2026-07-13 16:49:00,20260320,"26C","plate1_low",NA,NA,NA,NA,NA,NA,NA,NA
"740","F","8",1109,"Resaz_plate1_low_T3_260320_1649","T3","1","F8",2026-07-13 16:49:00,20260320,"26C","plate1_low",NA,NA,NA,NA,NA,NA,NA,NA
"741","F","9",3568,"Resaz_plate1_low_T3_260320_1649","T3","1","F9",2026-07-13 16:49:00,20260320,"26C","plate1_low",NA,NA,NA,NA,NA,NA,NA,NA
"742","F","10",1100,"Resaz_plate1_low_T3_260320_1649","T3","1","F10",2026-07-13 16:49:00,20260320,"26C","plate1_low",NA,NA,NA,NA,NA,NA,NA,NA
"743","F","11",1002,"Resaz_plate1_low_T3_260320_1649","T3","1","F11",2026-07-13 16:49:00,20260320,"26C","plate1_low",NA,NA,NA,NA,NA,NA,NA,NA
"744","F","12",1152,"Resaz_plate1_low_T3_260320_1649","T3","1","F12",2026-07-13 16:49:00,20260320,"26C","plate1_low",NA,NA,NA,NA,NA,NA,NA,NA
"745","G","1",1029,"Resaz_plate1_low_T3_260320_1649","T3","1","G1",2026-07-13 16:49:00,20260320,"26C","plate1_low",NA,NA,NA,NA,NA,NA,NA,NA
"746","G","2",1134,"Resaz_plate1_low_T3_260320_1649","T3","1","G2",2026-07-13 16:49:00,20260320,"26C","plate1_low",NA,NA,NA,NA,NA,NA,NA,NA
"747","G","3",3569,"Resaz_plate1_low_T3_260320_1649","T3","1","G3",2026-07-13 16:49:00,20260320,"26C","plate1_low",NA,NA,NA,NA,NA,NA,NA,NA
"748","G","4",1116,"Resaz_plate1_low_T3_260320_1649","T3","1","G4",2026-07-13 16:49:00,20260320,"26C","plate1_low",NA,NA,NA,NA,NA,NA,NA,NA
"749","G","5",1203,"Resaz_plate1_low_T3_260320_1649","T3","1","G5",2026-07-13 16:49:00,20260320,"26C","plate1_low",NA,NA,NA,NA,NA,NA,NA,NA
"750","G","6",1204,"Resaz_plate1_low_T3_260320_1649","T3","1","G6",2026-07-13 16:49:00,20260320,"26C","plate1_low",NA,NA,NA,NA,NA,NA,NA,NA
"751","G","7",3149,"Resaz_plate1_low_T3_260320_1649","T3","1","G7",2026-07-13 16:49:00,20260320,"26C","plate1_low",NA,NA,NA,NA,NA,NA,NA,NA
"752","G","8",3557,"Resaz_plate1_low_T3_260320_1649","T3","1","G8",2026-07-13 16:49:00,20260320,"26C","plate1_low",NA,NA,NA,NA,NA,NA,NA,NA
"753","G","9",1114,"Resaz_plate1_low_T3_260320_1649","T3","1","G9",2026-07-13 16:49:00,20260320,"26C","plate1_low",NA,NA,NA,NA,NA,NA,NA,NA
"754","G","10",1220,"Resaz_plate1_low_T3_260320_1649","T3","1","G10",2026-07-13 16:49:00,20260320,"26C","plate1_low",NA,NA,NA,NA,NA,NA,NA,NA
"755","G","11",1134,"Resaz_plate1_low_T3_260320_1649","T3","1","G11",2026-07-13 16:49:00,20260320,"26C","plate1_low",NA,NA,NA,NA,NA,NA,NA,NA
"756","G","12",1022,"Resaz_plate1_low_T3_260320_1649","T3","1","G12",2026-07-13 16:49:00,20260320,"26C","plate1_low",NA,NA,NA,NA,NA,NA,NA,NA
"757","H","1",996,"Resaz_plate1_low_T3_260320_1649","T3","1","H1",2026-07-13 16:49:00,20260320,"26C","plate1_low",NA,NA,NA,NA,NA,NA,NA,NA
"758","H","2",1025,"Resaz_plate1_low_T3_260320_1649","T3","1","H2",2026-07-13 16:49:00,20260320,"26C","plate1_low",NA,NA,NA,NA,NA,NA,NA,NA
"759","H","3",1020,"Resaz_plate1_low_T3_260320_1649","T3","1","H3",2026-07-13 16:49:00,20260320,"26C","plate1_low",NA,NA,NA,NA,NA,NA,NA,NA
"760","H","4",1081,"Resaz_plate1_low_T3_260320_1649","T3","1","H4",2026-07-13 16:49:00,20260320,"26C","plate1_low",NA,NA,NA,NA,NA,NA,NA,NA
"761","H","5",1177,"Resaz_plate1_low_T3_260320_1649","T3","1","H5",2026-07-13 16:49:00,20260320,"26C","plate1_low",NA,NA,NA,NA,NA,NA,NA,NA
"762","H","6",1156,"Resaz_plate1_low_T3_260320_1649","T3","1","H6",2026-07-13 16:49:00,20260320,"26C","plate1_low",NA,NA,NA,NA,NA,NA,NA,NA
"763","H","7",1242,"Resaz_plate1_low_T3_260320_1649","T3","1","H7",2026-07-13 16:49:00,20260320,"26C","plate1_low",NA,NA,NA,NA,NA,NA,NA,NA
"764","H","8",1309,"Resaz_plate1_low_T3_260320_1649","T3","1","H8",2026-07-13 16:49:00,20260320,"26C","plate1_low",NA,NA,NA,NA,NA,NA,NA,NA
"765","H","9",1166,"Resaz_plate1_low_T3_260320_1649","T3","1","H9",2026-07-13 16:49:00,20260320,"26C","plate1_low",NA,NA,NA,NA,NA,NA,NA,NA
"766","H","10",1126,"Resaz_plate1_low_T3_260320_1649","T3","1","H10",2026-07-13 16:49:00,20260320,"26C","plate1_low",NA,NA,NA,NA,NA,NA,NA,NA
"767","H","11",1092,"Resaz_plate1_low_T3_260320_1649","T3","1","H11",2026-07-13 16:49:00,20260320,"26C","plate1_low",NA,NA,NA,NA,NA,NA,NA,NA
"768","H","12",1015,"Resaz_plate1_low_T3_260320_1649","T3","1","H12",2026-07-13 16:49:00,20260320,"26C","plate1_low",NA,NA,NA,NA,NA,NA,NA,NA
"769","A","1",2109,"Resaz_plate1_low_T4_260320_1758","T4","1","A1",2026-07-13 17:58:00,20260320,"26C","plate1_low",NA,NA,NA,NA,NA,NA,NA,NA
"770","A","2",2187,"Resaz_plate1_low_T4_260320_1758","T4","1","A2",2026-07-13 17:58:00,20260320,"26C","plate1_low",NA,NA,NA,NA,NA,NA,NA,NA
"771","A","3",1834,"Resaz_plate1_low_T4_260320_1758","T4","1","A3",2026-07-13 17:58:00,20260320,"26C","plate1_low",NA,NA,NA,NA,NA,NA,NA,NA
"772","A","4",2148,"Resaz_plate1_low_T4_260320_1758","T4","1","A4",2026-07-13 17:58:00,20260320,"26C","plate1_low",NA,NA,NA,NA,NA,NA,NA,NA
"773","A","5",1976,"Resaz_plate1_low_T4_260320_1758","T4","1","A5",2026-07-13 17:58:00,20260320,"26C","plate1_low",NA,NA,NA,NA,NA,NA,NA,NA
"774","A","6",2010,"Resaz_plate1_low_T4_260320_1758","T4","1","A6",2026-07-13 17:58:00,20260320,"26C","plate1_low",NA,NA,NA,NA,NA,NA,NA,NA
"775","A","7",2652,"Resaz_plate1_low_T4_260320_1758","T4","1","A7",2026-07-13 17:58:00,20260320,"26C","plate1_low",NA,NA,NA,NA,NA,NA,NA,NA
"776","A","8",2051,"Resaz_plate1_low_T4_260320_1758","T4","1","A8",2026-07-13 17:58:00,20260320,"26C","plate1_low",NA,NA,NA,NA,NA,NA,NA,NA
"777","A","9",2008,"Resaz_plate1_low_T4_260320_1758","T4","1","A9",2026-07-13 17:58:00,20260320,"26C","plate1_low",NA,NA,NA,NA,NA,NA,NA,NA
"778","A","10",2068,"Resaz_plate1_low_T4_260320_1758","T4","1","A10",2026-07-13 17:58:00,20260320,"26C","plate1_low",NA,NA,NA,NA,NA,NA,NA,NA
"779","A","11",2066,"Resaz_plate1_low_T4_260320_1758","T4","1","A11",2026-07-13 17:58:00,20260320,"26C","plate1_low",NA,NA,NA,NA,NA,NA,NA,NA
"780","A","12",1995,"Resaz_plate1_low_T4_260320_1758","T4","1","A12",2026-07-13 17:58:00,20260320,"26C","plate1_low",NA,NA,NA,NA,NA,NA,NA,NA
"781","B","1",2223,"Resaz_plate1_low_T4_260320_1758","T4","1","B1",2026-07-13 17:58:00,20260320,"26C","plate1_low",NA,NA,NA,NA,NA,NA,NA,NA
"782","B","2",2414,"Resaz_plate1_low_T4_260320_1758","T4","1","B2",2026-07-13 17:58:00,20260320,"26C","plate1_low",NA,NA,NA,NA,NA,NA,NA,NA
"783","B","3",2314,"Resaz_plate1_low_T4_260320_1758","T4","1","B3",2026-07-13 17:58:00,20260320,"26C","plate1_low",NA,NA,NA,NA,NA,NA,NA,NA
"784","B","4",2273,"Resaz_plate1_low_T4_260320_1758","T4","1","B4",2026-07-13 17:58:00,20260320,"26C","plate1_low",NA,NA,NA,NA,NA,NA,NA,NA
"785","B","5",2285,"Resaz_plate1_low_T4_260320_1758","T4","1","B5",2026-07-13 17:58:00,20260320,"26C","plate1_low",NA,NA,NA,NA,NA,NA,NA,NA
"786","B","6",2298,"Resaz_plate1_low_T4_260320_1758","T4","1","B6",2026-07-13 17:58:00,20260320,"26C","plate1_low",NA,NA,NA,NA,NA,NA,NA,NA
"787","B","7",3425,"Resaz_plate1_low_T4_260320_1758","T4","1","B7",2026-07-13 17:58:00,20260320,"26C","plate1_low",NA,NA,NA,NA,NA,NA,NA,NA
"788","B","8",2150,"Resaz_plate1_low_T4_260320_1758","T4","1","B8",2026-07-13 17:58:00,20260320,"26C","plate1_low",NA,NA,NA,NA,NA,NA,NA,NA
"789","B","9",2204,"Resaz_plate1_low_T4_260320_1758","T4","1","B9",2026-07-13 17:58:00,20260320,"26C","plate1_low",NA,NA,NA,NA,NA,NA,NA,NA
"790","B","10",2182,"Resaz_plate1_low_T4_260320_1758","T4","1","B10",2026-07-13 17:58:00,20260320,"26C","plate1_low",NA,NA,NA,NA,NA,NA,NA,NA
"791","B","11",2119,"Resaz_plate1_low_T4_260320_1758","T4","1","B11",2026-07-13 17:58:00,20260320,"26C","plate1_low",NA,NA,NA,NA,NA,NA,NA,NA
"792","B","12",2178,"Resaz_plate1_low_T4_260320_1758","T4","1","B12",2026-07-13 17:58:00,20260320,"26C","plate1_low",NA,NA,NA,NA,NA,NA,NA,NA
"793","C","1",2187,"Resaz_plate1_low_T4_260320_1758","T4","1","C1",2026-07-13 17:58:00,20260320,"26C","plate1_low",NA,NA,NA,NA,NA,NA,NA,NA
"794","C","2",2154,"Resaz_plate1_low_T4_260320_1758","T4","1","C2",2026-07-13 17:58:00,20260320,"26C","plate1_low",NA,NA,NA,NA,NA,NA,NA,NA
"795","C","3",2142,"Resaz_plate1_low_T4_260320_1758","T4","1","C3",2026-07-13 17:58:00,20260320,"26C","plate1_low",NA,NA,NA,NA,NA,NA,NA,NA
"796","C","4",2473,"Resaz_plate1_low_T4_260320_1758","T4","1","C4",2026-07-13 17:58:00,20260320,"26C","plate1_low",NA,NA,NA,NA,NA,NA,NA,NA
"797","C","5",2244,"Resaz_plate1_low_T4_260320_1758","T4","1","C5",2026-07-13 17:58:00,20260320,"26C","plate1_low",NA,NA,NA,NA,NA,NA,NA,NA
"798","C","6",2323,"Resaz_plate1_low_T4_260320_1758","T4","1","C6",2026-07-13 17:58:00,20260320,"26C","plate1_low",NA,NA,NA,NA,NA,NA,NA,NA
"799","C","7",3638,"Resaz_plate1_low_T4_260320_1758","T4","1","C7",2026-07-13 17:58:00,20260320,"26C","plate1_low",NA,NA,NA,NA,NA,NA,NA,NA
"800","C","8",2120,"Resaz_plate1_low_T4_260320_1758","T4","1","C8",2026-07-13 17:58:00,20260320,"26C","plate1_low",NA,NA,NA,NA,NA,NA,NA,NA
"801","C","9",2309,"Resaz_plate1_low_T4_260320_1758","T4","1","C9",2026-07-13 17:58:00,20260320,"26C","plate1_low",NA,NA,NA,NA,NA,NA,NA,NA
"802","C","10",2370,"Resaz_plate1_low_T4_260320_1758","T4","1","C10",2026-07-13 17:58:00,20260320,"26C","plate1_low",NA,NA,NA,NA,NA,NA,NA,NA
"803","C","11",2378,"Resaz_plate1_low_T4_260320_1758","T4","1","C11",2026-07-13 17:58:00,20260320,"26C","plate1_low",NA,NA,NA,NA,NA,NA,NA,NA
"804","C","12",2357,"Resaz_plate1_low_T4_260320_1758","T4","1","C12",2026-07-13 17:58:00,20260320,"26C","plate1_low",NA,NA,NA,NA,NA,NA,NA,NA
"805","D","1",1658,"Resaz_plate1_low_T4_260320_1758","T4","1","D1",2026-07-13 17:58:00,20260320,"26C","plate1_low",NA,NA,NA,NA,NA,NA,NA,NA
"806","D","2",1529,"Resaz_plate1_low_T4_260320_1758","T4","1","D2",2026-07-13 17:58:00,20260320,"26C","plate1_low",NA,NA,NA,NA,NA,NA,NA,NA
"807","D","3",1537,"Resaz_plate1_low_T4_260320_1758","T4","1","D3",2026-07-13 17:58:00,20260320,"26C","plate1_low",NA,NA,NA,NA,NA,NA,NA,NA
"808","D","4",1795,"Resaz_plate1_low_T4_260320_1758","T4","1","D4",2026-07-13 17:58:00,20260320,"26C","plate1_low",NA,NA,NA,NA,NA,NA,NA,NA
"809","D","5",1561,"Resaz_plate1_low_T4_260320_1758","T4","1","D5",2026-07-13 17:58:00,20260320,"26C","plate1_low",NA,NA,NA,NA,NA,NA,NA,NA
"810","D","6",1694,"Resaz_plate1_low_T4_260320_1758","T4","1","D6",2026-07-13 17:58:00,20260320,"26C","plate1_low",NA,NA,NA,NA,NA,NA,NA,NA
"811","D","7",3423,"Resaz_plate1_low_T4_260320_1758","T4","1","D7",2026-07-13 17:58:00,20260320,"26C","plate1_low",NA,NA,NA,NA,NA,NA,NA,NA
"812","D","8",3596,"Resaz_plate1_low_T4_260320_1758","T4","1","D8",2026-07-13 17:58:00,20260320,"26C","plate1_low",NA,NA,NA,NA,NA,NA,NA,NA
"813","D","9",1600,"Resaz_plate1_low_T4_260320_1758","T4","1","D9",2026-07-13 17:58:00,20260320,"26C","plate1_low",NA,NA,NA,NA,NA,NA,NA,NA
"814","D","10",1608,"Resaz_plate1_low_T4_260320_1758","T4","1","D10",2026-07-13 17:58:00,20260320,"26C","plate1_low",NA,NA,NA,NA,NA,NA,NA,NA
"815","D","11",1475,"Resaz_plate1_low_T4_260320_1758","T4","1","D11",2026-07-13 17:58:00,20260320,"26C","plate1_low",NA,NA,NA,NA,NA,NA,NA,NA
"816","D","12",1478,"Resaz_plate1_low_T4_260320_1758","T4","1","D12",2026-07-13 17:58:00,20260320,"26C","plate1_low",NA,NA,NA,NA,NA,NA,NA,NA
"817","E","1",997,"Resaz_plate1_low_T4_260320_1758","T4","1","E1",2026-07-13 17:58:00,20260320,"26C","plate1_low",NA,NA,NA,NA,NA,NA,NA,NA
"818","E","2",1089,"Resaz_plate1_low_T4_260320_1758","T4","1","E2",2026-07-13 17:58:00,20260320,"26C","plate1_low",NA,NA,NA,NA,NA,NA,NA,NA
"819","E","3",1345,"Resaz_plate1_low_T4_260320_1758","T4","1","E3",2026-07-13 17:58:00,20260320,"26C","plate1_low",NA,NA,NA,NA,NA,NA,NA,NA
"820","E","4",1163,"Resaz_plate1_low_T4_260320_1758","T4","1","E4",2026-07-13 17:58:00,20260320,"26C","plate1_low",NA,NA,NA,NA,NA,NA,NA,NA
"821","E","5",1204,"Resaz_plate1_low_T4_260320_1758","T4","1","E5",2026-07-13 17:58:00,20260320,"26C","plate1_low",NA,NA,NA,NA,NA,NA,NA,NA
"822","E","6",1094,"Resaz_plate1_low_T4_260320_1758","T4","1","E6",2026-07-13 17:58:00,20260320,"26C","plate1_low",NA,NA,NA,NA,NA,NA,NA,NA
"823","E","7",2284,"Resaz_plate1_low_T4_260320_1758","T4","1","E7",2026-07-13 17:58:00,20260320,"26C","plate1_low",NA,NA,NA,NA,NA,NA,NA,NA
"824","E","8",1390,"Resaz_plate1_low_T4_260320_1758","T4","1","E8",2026-07-13 17:58:00,20260320,"26C","plate1_low",NA,NA,NA,NA,NA,NA,NA,NA
"825","E","9",1122,"Resaz_plate1_low_T4_260320_1758","T4","1","E9",2026-07-13 17:58:00,20260320,"26C","plate1_low",NA,NA,NA,NA,NA,NA,NA,NA
"826","E","10",1121,"Resaz_plate1_low_T4_260320_1758","T4","1","E10",2026-07-13 17:58:00,20260320,"26C","plate1_low",NA,NA,NA,NA,NA,NA,NA,NA
"827","E","11",3578,"Resaz_plate1_low_T4_260320_1758","T4","1","E11",2026-07-13 17:58:00,20260320,"26C","plate1_low",NA,NA,NA,NA,NA,NA,NA,NA
"828","E","12",1198,"Resaz_plate1_low_T4_260320_1758","T4","1","E12",2026-07-13 17:58:00,20260320,"26C","plate1_low",NA,NA,NA,NA,NA,NA,NA,NA
"829","F","1",1096,"Resaz_plate1_low_T4_260320_1758","T4","1","F1",2026-07-13 17:58:00,20260320,"26C","plate1_low",NA,NA,NA,NA,NA,NA,NA,NA
"830","F","2",1007,"Resaz_plate1_low_T4_260320_1758","T4","1","F2",2026-07-13 17:58:00,20260320,"26C","plate1_low",NA,NA,NA,NA,NA,NA,NA,NA
"831","F","3",1253,"Resaz_plate1_low_T4_260320_1758","T4","1","F3",2026-07-13 17:58:00,20260320,"26C","plate1_low",NA,NA,NA,NA,NA,NA,NA,NA
"832","F","4",1076,"Resaz_plate1_low_T4_260320_1758","T4","1","F4",2026-07-13 17:58:00,20260320,"26C","plate1_low",NA,NA,NA,NA,NA,NA,NA,NA
"833","F","5",1162,"Resaz_plate1_low_T4_260320_1758","T4","1","F5",2026-07-13 17:58:00,20260320,"26C","plate1_low",NA,NA,NA,NA,NA,NA,NA,NA
"834","F","6",1308,"Resaz_plate1_low_T4_260320_1758","T4","1","F6",2026-07-13 17:58:00,20260320,"26C","plate1_low",NA,NA,NA,NA,NA,NA,NA,NA
"835","F","7",2721,"Resaz_plate1_low_T4_260320_1758","T4","1","F7",2026-07-13 17:58:00,20260320,"26C","plate1_low",NA,NA,NA,NA,NA,NA,NA,NA
"836","F","8",1162,"Resaz_plate1_low_T4_260320_1758","T4","1","F8",2026-07-13 17:58:00,20260320,"26C","plate1_low",NA,NA,NA,NA,NA,NA,NA,NA
"837","F","9",3585,"Resaz_plate1_low_T4_260320_1758","T4","1","F9",2026-07-13 17:58:00,20260320,"26C","plate1_low",NA,NA,NA,NA,NA,NA,NA,NA
"838","F","10",1145,"Resaz_plate1_low_T4_260320_1758","T4","1","F10",2026-07-13 17:58:00,20260320,"26C","plate1_low",NA,NA,NA,NA,NA,NA,NA,NA
"839","F","11",1033,"Resaz_plate1_low_T4_260320_1758","T4","1","F11",2026-07-13 17:58:00,20260320,"26C","plate1_low",NA,NA,NA,NA,NA,NA,NA,NA
"840","F","12",1192,"Resaz_plate1_low_T4_260320_1758","T4","1","F12",2026-07-13 17:58:00,20260320,"26C","plate1_low",NA,NA,NA,NA,NA,NA,NA,NA
"841","G","1",1063,"Resaz_plate1_low_T4_260320_1758","T4","1","G1",2026-07-13 17:58:00,20260320,"26C","plate1_low",NA,NA,NA,NA,NA,NA,NA,NA
"842","G","2",1188,"Resaz_plate1_low_T4_260320_1758","T4","1","G2",2026-07-13 17:58:00,20260320,"26C","plate1_low",NA,NA,NA,NA,NA,NA,NA,NA
"843","G","3",3590,"Resaz_plate1_low_T4_260320_1758","T4","1","G3",2026-07-13 17:58:00,20260320,"26C","plate1_low",NA,NA,NA,NA,NA,NA,NA,NA
"844","G","4",1186,"Resaz_plate1_low_T4_260320_1758","T4","1","G4",2026-07-13 17:58:00,20260320,"26C","plate1_low",NA,NA,NA,NA,NA,NA,NA,NA
"845","G","5",1280,"Resaz_plate1_low_T4_260320_1758","T4","1","G5",2026-07-13 17:58:00,20260320,"26C","plate1_low",NA,NA,NA,NA,NA,NA,NA,NA
"846","G","6",1277,"Resaz_plate1_low_T4_260320_1758","T4","1","G6",2026-07-13 17:58:00,20260320,"26C","plate1_low",NA,NA,NA,NA,NA,NA,NA,NA
"847","G","7",3099,"Resaz_plate1_low_T4_260320_1758","T4","1","G7",2026-07-13 17:58:00,20260320,"26C","plate1_low",NA,NA,NA,NA,NA,NA,NA,NA
"848","G","8",3557,"Resaz_plate1_low_T4_260320_1758","T4","1","G8",2026-07-13 17:58:00,20260320,"26C","plate1_low",NA,NA,NA,NA,NA,NA,NA,NA
"849","G","9",1190,"Resaz_plate1_low_T4_260320_1758","T4","1","G9",2026-07-13 17:58:00,20260320,"26C","plate1_low",NA,NA,NA,NA,NA,NA,NA,NA
"850","G","10",1312,"Resaz_plate1_low_T4_260320_1758","T4","1","G10",2026-07-13 17:58:00,20260320,"26C","plate1_low",NA,NA,NA,NA,NA,NA,NA,NA
"851","G","11",1178,"Resaz_plate1_low_T4_260320_1758","T4","1","G11",2026-07-13 17:58:00,20260320,"26C","plate1_low",NA,NA,NA,NA,NA,NA,NA,NA
"852","G","12",1056,"Resaz_plate1_low_T4_260320_1758","T4","1","G12",2026-07-13 17:58:00,20260320,"26C","plate1_low",NA,NA,NA,NA,NA,NA,NA,NA
"853","H","1",1033,"Resaz_plate1_low_T4_260320_1758","T4","1","H1",2026-07-13 17:58:00,20260320,"26C","plate1_low",NA,NA,NA,NA,NA,NA,NA,NA
"854","H","2",1067,"Resaz_plate1_low_T4_260320_1758","T4","1","H2",2026-07-13 17:58:00,20260320,"26C","plate1_low",NA,NA,NA,NA,NA,NA,NA,NA
"855","H","3",1081,"Resaz_plate1_low_T4_260320_1758","T4","1","H3",2026-07-13 17:58:00,20260320,"26C","plate1_low",NA,NA,NA,NA,NA,NA,NA,NA
"856","H","4",1170,"Resaz_plate1_low_T4_260320_1758","T4","1","H4",2026-07-13 17:58:00,20260320,"26C","plate1_low",NA,NA,NA,NA,NA,NA,NA,NA
"857","H","5",1294,"Resaz_plate1_low_T4_260320_1758","T4","1","H5",2026-07-13 17:58:00,20260320,"26C","plate1_low",NA,NA,NA,NA,NA,NA,NA,NA
"858","H","6",1283,"Resaz_plate1_low_T4_260320_1758","T4","1","H6",2026-07-13 17:58:00,20260320,"26C","plate1_low",NA,NA,NA,NA,NA,NA,NA,NA
"859","H","7",1378,"Resaz_plate1_low_T4_260320_1758","T4","1","H7",2026-07-13 17:58:00,20260320,"26C","plate1_low",NA,NA,NA,NA,NA,NA,NA,NA
"860","H","8",1460,"Resaz_plate1_low_T4_260320_1758","T4","1","H8",2026-07-13 17:58:00,20260320,"26C","plate1_low",NA,NA,NA,NA,NA,NA,NA,NA
"861","H","9",1296,"Resaz_plate1_low_T4_260320_1758","T4","1","H9",2026-07-13 17:58:00,20260320,"26C","plate1_low",NA,NA,NA,NA,NA,NA,NA,NA
"862","H","10",1238,"Resaz_plate1_low_T4_260320_1758","T4","1","H10",2026-07-13 17:58:00,20260320,"26C","plate1_low",NA,NA,NA,NA,NA,NA,NA,NA
"863","H","11",1179,"Resaz_plate1_low_T4_260320_1758","T4","1","H11",2026-07-13 17:58:00,20260320,"26C","plate1_low",NA,NA,NA,NA,NA,NA,NA,NA
"864","H","12",1069,"Resaz_plate1_low_T4_260320_1758","T4","1","H12",2026-07-13 17:58:00,20260320,"26C","plate1_low",NA,NA,NA,NA,NA,NA,NA,NA
"865","A","1",1053,"Resaz_plate2_high_T0_260320_1316","T0","2","A1",2026-07-13 13:16:00,20260320,"38C","plate2_high",NA,NA,NA,NA,NA,NA,NA,NA
"866","A","2",895,"Resaz_plate2_high_T0_260320_1316","T0","2","A2",2026-07-13 13:16:00,20260320,"38C","plate2_high",NA,NA,NA,NA,NA,NA,NA,NA
"867","A","3",946,"Resaz_plate2_high_T0_260320_1316","T0","2","A3",2026-07-13 13:16:00,20260320,"38C","plate2_high",NA,NA,NA,NA,NA,NA,NA,NA
"868","A","4",940,"Resaz_plate2_high_T0_260320_1316","T0","2","A4",2026-07-13 13:16:00,20260320,"38C","plate2_high",NA,NA,NA,NA,NA,NA,NA,NA
"869","A","5",1133,"Resaz_plate2_high_T0_260320_1316","T0","2","A5",2026-07-13 13:16:00,20260320,"38C","plate2_high",NA,NA,NA,NA,NA,NA,NA,NA
"870","A","6",1166,"Resaz_plate2_high_T0_260320_1316","T0","2","A6",2026-07-13 13:16:00,20260320,"38C","plate2_high",NA,NA,NA,NA,NA,NA,NA,NA
"871","A","7",1065,"Resaz_plate2_high_T0_260320_1316","T0","2","A7",2026-07-13 13:16:00,20260320,"38C","plate2_high",NA,NA,NA,NA,NA,NA,NA,NA
"872","A","8",998,"Resaz_plate2_high_T0_260320_1316","T0","2","A8",2026-07-13 13:16:00,20260320,"38C","plate2_high",NA,NA,NA,NA,NA,NA,NA,NA
"873","A","9",920,"Resaz_plate2_high_T0_260320_1316","T0","2","A9",2026-07-13 13:16:00,20260320,"38C","plate2_high",NA,NA,NA,NA,NA,NA,NA,NA
"874","A","10",1124,"Resaz_plate2_high_T0_260320_1316","T0","2","A10",2026-07-13 13:16:00,20260320,"38C","plate2_high",NA,NA,NA,NA,NA,NA,NA,NA
"875","A","11",1078,"Resaz_plate2_high_T0_260320_1316","T0","2","A11",2026-07-13 13:16:00,20260320,"38C","plate2_high",NA,NA,NA,NA,NA,NA,NA,NA
"876","A","12",1140,"Resaz_plate2_high_T0_260320_1316","T0","2","A12",2026-07-13 13:16:00,20260320,"38C","plate2_high",NA,NA,NA,NA,NA,NA,NA,NA
"877","B","1",905,"Resaz_plate2_high_T0_260320_1316","T0","2","B1",2026-07-13 13:16:00,20260320,"38C","plate2_high",NA,NA,NA,NA,NA,NA,NA,NA
"878","B","2",907,"Resaz_plate2_high_T0_260320_1316","T0","2","B2",2026-07-13 13:16:00,20260320,"38C","plate2_high",NA,NA,NA,NA,NA,NA,NA,NA
"879","B","3",984,"Resaz_plate2_high_T0_260320_1316","T0","2","B3",2026-07-13 13:16:00,20260320,"38C","plate2_high",NA,NA,NA,NA,NA,NA,NA,NA
"880","B","4",986,"Resaz_plate2_high_T0_260320_1316","T0","2","B4",2026-07-13 13:16:00,20260320,"38C","plate2_high",NA,NA,NA,NA,NA,NA,NA,NA
"881","B","5",1196,"Resaz_plate2_high_T0_260320_1316","T0","2","B5",2026-07-13 13:16:00,20260320,"38C","plate2_high",NA,NA,NA,NA,NA,NA,NA,NA
"882","B","6",985,"Resaz_plate2_high_T0_260320_1316","T0","2","B6",2026-07-13 13:16:00,20260320,"38C","plate2_high",NA,NA,NA,NA,NA,NA,NA,NA
"883","B","7",1024,"Resaz_plate2_high_T0_260320_1316","T0","2","B7",2026-07-13 13:16:00,20260320,"38C","plate2_high",NA,NA,NA,NA,NA,NA,NA,NA
"884","B","8",937,"Resaz_plate2_high_T0_260320_1316","T0","2","B8",2026-07-13 13:16:00,20260320,"38C","plate2_high",NA,NA,NA,NA,NA,NA,NA,NA
"885","B","9",1048,"Resaz_plate2_high_T0_260320_1316","T0","2","B9",2026-07-13 13:16:00,20260320,"38C","plate2_high",NA,NA,NA,NA,NA,NA,NA,NA
"886","B","10",925,"Resaz_plate2_high_T0_260320_1316","T0","2","B10",2026-07-13 13:16:00,20260320,"38C","plate2_high",NA,NA,NA,NA,NA,NA,NA,NA
"887","B","11",900,"Resaz_plate2_high_T0_260320_1316","T0","2","B11",2026-07-13 13:16:00,20260320,"38C","plate2_high",NA,NA,NA,NA,NA,NA,NA,NA
"888","B","12",901,"Resaz_plate2_high_T0_260320_1316","T0","2","B12",2026-07-13 13:16:00,20260320,"38C","plate2_high",NA,NA,NA,NA,NA,NA,NA,NA
"889","C","1",911,"Resaz_plate2_high_T0_260320_1316","T0","2","C1",2026-07-13 13:16:00,20260320,"38C","plate2_high",NA,NA,NA,NA,NA,NA,NA,NA
"890","C","2",937,"Resaz_plate2_high_T0_260320_1316","T0","2","C2",2026-07-13 13:16:00,20260320,"38C","plate2_high",NA,NA,NA,NA,NA,NA,NA,NA
"891","C","3",1012,"Resaz_plate2_high_T0_260320_1316","T0","2","C3",2026-07-13 13:16:00,20260320,"38C","plate2_high",NA,NA,NA,NA,NA,NA,NA,NA
"892","C","4",927,"Resaz_plate2_high_T0_260320_1316","T0","2","C4",2026-07-13 13:16:00,20260320,"38C","plate2_high",NA,NA,NA,NA,NA,NA,NA,NA
"893","C","5",1000,"Resaz_plate2_high_T0_260320_1316","T0","2","C5",2026-07-13 13:16:00,20260320,"38C","plate2_high",NA,NA,NA,NA,NA,NA,NA,NA
"894","C","6",974,"Resaz_plate2_high_T0_260320_1316","T0","2","C6",2026-07-13 13:16:00,20260320,"38C","plate2_high",NA,NA,NA,NA,NA,NA,NA,NA
"895","C","7",904,"Resaz_plate2_high_T0_260320_1316","T0","2","C7",2026-07-13 13:16:00,20260320,"38C","plate2_high",NA,NA,NA,NA,NA,NA,NA,NA
"896","C","8",939,"Resaz_plate2_high_T0_260320_1316","T0","2","C8",2026-07-13 13:16:00,20260320,"38C","plate2_high",NA,NA,NA,NA,NA,NA,NA,NA
"897","C","9",973,"Resaz_plate2_high_T0_260320_1316","T0","2","C9",2026-07-13 13:16:00,20260320,"38C","plate2_high",NA,NA,NA,NA,NA,NA,NA,NA
"898","C","10",943,"Resaz_plate2_high_T0_260320_1316","T0","2","C10",2026-07-13 13:16:00,20260320,"38C","plate2_high",NA,NA,NA,NA,NA,NA,NA,NA
"899","C","11",910,"Resaz_plate2_high_T0_260320_1316","T0","2","C11",2026-07-13 13:16:00,20260320,"38C","plate2_high",NA,NA,NA,NA,NA,NA,NA,NA
"900","C","12",1109,"Resaz_plate2_high_T0_260320_1316","T0","2","C12",2026-07-13 13:16:00,20260320,"38C","plate2_high",NA,NA,NA,NA,NA,NA,NA,NA
"901","D","1",970,"Resaz_plate2_high_T0_260320_1316","T0","2","D1",2026-07-13 13:16:00,20260320,"38C","plate2_high",NA,NA,NA,NA,NA,NA,NA,NA
"902","D","2",1006,"Resaz_plate2_high_T0_260320_1316","T0","2","D2",2026-07-13 13:16:00,20260320,"38C","plate2_high",NA,NA,NA,NA,NA,NA,NA,NA
"903","D","3",943,"Resaz_plate2_high_T0_260320_1316","T0","2","D3",2026-07-13 13:16:00,20260320,"38C","plate2_high",NA,NA,NA,NA,NA,NA,NA,NA
"904","D","4",1002,"Resaz_plate2_high_T0_260320_1316","T0","2","D4",2026-07-13 13:16:00,20260320,"38C","plate2_high",NA,NA,NA,NA,NA,NA,NA,NA
"905","D","5",996,"Resaz_plate2_high_T0_260320_1316","T0","2","D5",2026-07-13 13:16:00,20260320,"38C","plate2_high",NA,NA,NA,NA,NA,NA,NA,NA
"906","D","6",1265,"Resaz_plate2_high_T0_260320_1316","T0","2","D6",2026-07-13 13:16:00,20260320,"38C","plate2_high",NA,NA,NA,NA,NA,NA,NA,NA
"907","D","7",1362,"Resaz_plate2_high_T0_260320_1316","T0","2","D7",2026-07-13 13:16:00,20260320,"38C","plate2_high",NA,NA,NA,NA,NA,NA,NA,NA
"908","D","8",1010,"Resaz_plate2_high_T0_260320_1316","T0","2","D8",2026-07-13 13:16:00,20260320,"38C","plate2_high",NA,NA,NA,NA,NA,NA,NA,NA
"909","D","9",1015,"Resaz_plate2_high_T0_260320_1316","T0","2","D9",2026-07-13 13:16:00,20260320,"38C","plate2_high",NA,NA,NA,NA,NA,NA,NA,NA
"910","D","10",968,"Resaz_plate2_high_T0_260320_1316","T0","2","D10",2026-07-13 13:16:00,20260320,"38C","plate2_high",NA,NA,NA,NA,NA,NA,NA,NA
"911","D","11",944,"Resaz_plate2_high_T0_260320_1316","T0","2","D11",2026-07-13 13:16:00,20260320,"38C","plate2_high",NA,NA,NA,NA,NA,NA,NA,NA
"912","D","12",3472,"Resaz_plate2_high_T0_260320_1316","T0","2","D12",2026-07-13 13:16:00,20260320,"38C","plate2_high",NA,NA,NA,NA,NA,NA,NA,NA
"913","E","1",928,"Resaz_plate2_high_T0_260320_1316","T0","2","E1",2026-07-13 13:16:00,20260320,"38C","plate2_high",NA,NA,NA,NA,NA,NA,NA,NA
"914","E","2",980,"Resaz_plate2_high_T0_260320_1316","T0","2","E2",2026-07-13 13:16:00,20260320,"38C","plate2_high",NA,NA,NA,NA,NA,NA,NA,NA
"915","E","3",1030,"Resaz_plate2_high_T0_260320_1316","T0","2","E3",2026-07-13 13:16:00,20260320,"38C","plate2_high",NA,NA,NA,NA,NA,NA,NA,NA
"916","E","4",3475,"Resaz_plate2_high_T0_260320_1316","T0","2","E4",2026-07-13 13:16:00,20260320,"38C","plate2_high",NA,NA,NA,NA,NA,NA,NA,NA
"917","E","5",1026,"Resaz_plate2_high_T0_260320_1316","T0","2","E5",2026-07-13 13:16:00,20260320,"38C","plate2_high",NA,NA,NA,NA,NA,NA,NA,NA
"918","E","6",1012,"Resaz_plate2_high_T0_260320_1316","T0","2","E6",2026-07-13 13:16:00,20260320,"38C","plate2_high",NA,NA,NA,NA,NA,NA,NA,NA
"919","E","7",946,"Resaz_plate2_high_T0_260320_1316","T0","2","E7",2026-07-13 13:16:00,20260320,"38C","plate2_high",NA,NA,NA,NA,NA,NA,NA,NA
"920","E","8",985,"Resaz_plate2_high_T0_260320_1316","T0","2","E8",2026-07-13 13:16:00,20260320,"38C","plate2_high",NA,NA,NA,NA,NA,NA,NA,NA
"921","E","9",3513,"Resaz_plate2_high_T0_260320_1316","T0","2","E9",2026-07-13 13:16:00,20260320,"38C","plate2_high",NA,NA,NA,NA,NA,NA,NA,NA
"922","E","10",994,"Resaz_plate2_high_T0_260320_1316","T0","2","E10",2026-07-13 13:16:00,20260320,"38C","plate2_high",NA,NA,NA,NA,NA,NA,NA,NA
"923","E","11",926,"Resaz_plate2_high_T0_260320_1316","T0","2","E11",2026-07-13 13:16:00,20260320,"38C","plate2_high",NA,NA,NA,NA,NA,NA,NA,NA
"924","E","12",3496,"Resaz_plate2_high_T0_260320_1316","T0","2","E12",2026-07-13 13:16:00,20260320,"38C","plate2_high",NA,NA,NA,NA,NA,NA,NA,NA
"925","F","1",1060,"Resaz_plate2_high_T0_260320_1316","T0","2","F1",2026-07-13 13:16:00,20260320,"38C","plate2_high",NA,NA,NA,NA,NA,NA,NA,NA
"926","F","2",1182,"Resaz_plate2_high_T0_260320_1316","T0","2","F2",2026-07-13 13:16:00,20260320,"38C","plate2_high",NA,NA,NA,NA,NA,NA,NA,NA
"927","F","3",911,"Resaz_plate2_high_T0_260320_1316","T0","2","F3",2026-07-13 13:16:00,20260320,"38C","plate2_high",NA,NA,NA,NA,NA,NA,NA,NA
"928","F","4",933,"Resaz_plate2_high_T0_260320_1316","T0","2","F4",2026-07-13 13:16:00,20260320,"38C","plate2_high",NA,NA,NA,NA,NA,NA,NA,NA
"929","F","5",3497,"Resaz_plate2_high_T0_260320_1316","T0","2","F5",2026-07-13 13:16:00,20260320,"38C","plate2_high",NA,NA,NA,NA,NA,NA,NA,NA
"930","F","6",954,"Resaz_plate2_high_T0_260320_1316","T0","2","F6",2026-07-13 13:16:00,20260320,"38C","plate2_high",NA,NA,NA,NA,NA,NA,NA,NA
"931","F","7",869,"Resaz_plate2_high_T0_260320_1316","T0","2","F7",2026-07-13 13:16:00,20260320,"38C","plate2_high",NA,NA,NA,NA,NA,NA,NA,NA
"932","F","8",909,"Resaz_plate2_high_T0_260320_1316","T0","2","F8",2026-07-13 13:16:00,20260320,"38C","plate2_high",NA,NA,NA,NA,NA,NA,NA,NA
"933","F","9",3507,"Resaz_plate2_high_T0_260320_1316","T0","2","F9",2026-07-13 13:16:00,20260320,"38C","plate2_high",NA,NA,NA,NA,NA,NA,NA,NA
"934","F","10",949,"Resaz_plate2_high_T0_260320_1316","T0","2","F10",2026-07-13 13:16:00,20260320,"38C","plate2_high",NA,NA,NA,NA,NA,NA,NA,NA
"935","F","11",943,"Resaz_plate2_high_T0_260320_1316","T0","2","F11",2026-07-13 13:16:00,20260320,"38C","plate2_high",NA,NA,NA,NA,NA,NA,NA,NA
"936","F","12",3489,"Resaz_plate2_high_T0_260320_1316","T0","2","F12",2026-07-13 13:16:00,20260320,"38C","plate2_high",NA,NA,NA,NA,NA,NA,NA,NA
"937","G","1",863,"Resaz_plate2_high_T0_260320_1316","T0","2","G1",2026-07-13 13:16:00,20260320,"38C","plate2_high",NA,NA,NA,NA,NA,NA,NA,NA
"938","G","2",911,"Resaz_plate2_high_T0_260320_1316","T0","2","G2",2026-07-13 13:16:00,20260320,"38C","plate2_high",NA,NA,NA,NA,NA,NA,NA,NA
"939","G","3",921,"Resaz_plate2_high_T0_260320_1316","T0","2","G3",2026-07-13 13:16:00,20260320,"38C","plate2_high",NA,NA,NA,NA,NA,NA,NA,NA
"940","G","4",3420,"Resaz_plate2_high_T0_260320_1316","T0","2","G4",2026-07-13 13:16:00,20260320,"38C","plate2_high",NA,NA,NA,NA,NA,NA,NA,NA
"941","G","5",3473,"Resaz_plate2_high_T0_260320_1316","T0","2","G5",2026-07-13 13:16:00,20260320,"38C","plate2_high",NA,NA,NA,NA,NA,NA,NA,NA
"942","G","6",858,"Resaz_plate2_high_T0_260320_1316","T0","2","G6",2026-07-13 13:16:00,20260320,"38C","plate2_high",NA,NA,NA,NA,NA,NA,NA,NA
"943","G","7",835,"Resaz_plate2_high_T0_260320_1316","T0","2","G7",2026-07-13 13:16:00,20260320,"38C","plate2_high",NA,NA,NA,NA,NA,NA,NA,NA
"944","G","8",868,"Resaz_plate2_high_T0_260320_1316","T0","2","G8",2026-07-13 13:16:00,20260320,"38C","plate2_high",NA,NA,NA,NA,NA,NA,NA,NA
"945","G","9",969,"Resaz_plate2_high_T0_260320_1316","T0","2","G9",2026-07-13 13:16:00,20260320,"38C","plate2_high",NA,NA,NA,NA,NA,NA,NA,NA
"946","G","10",3452,"Resaz_plate2_high_T0_260320_1316","T0","2","G10",2026-07-13 13:16:00,20260320,"38C","plate2_high",NA,NA,NA,NA,NA,NA,NA,NA
"947","G","11",3485,"Resaz_plate2_high_T0_260320_1316","T0","2","G11",2026-07-13 13:16:00,20260320,"38C","plate2_high",NA,NA,NA,NA,NA,NA,NA,NA
"948","G","12",912,"Resaz_plate2_high_T0_260320_1316","T0","2","G12",2026-07-13 13:16:00,20260320,"38C","plate2_high",NA,NA,NA,NA,NA,NA,NA,NA
"949","H","1",824,"Resaz_plate2_high_T0_260320_1316","T0","2","H1",2026-07-13 13:16:00,20260320,"38C","plate2_high",NA,NA,NA,NA,NA,NA,NA,NA
"950","H","2",893,"Resaz_plate2_high_T0_260320_1316","T0","2","H2",2026-07-13 13:16:00,20260320,"38C","plate2_high",NA,NA,NA,NA,NA,NA,NA,NA
"951","H","3",896,"Resaz_plate2_high_T0_260320_1316","T0","2","H3",2026-07-13 13:16:00,20260320,"38C","plate2_high",NA,NA,NA,NA,NA,NA,NA,NA
"952","H","4",881,"Resaz_plate2_high_T0_260320_1316","T0","2","H4",2026-07-13 13:16:00,20260320,"38C","plate2_high",NA,NA,NA,NA,NA,NA,NA,NA
"953","H","5",889,"Resaz_plate2_high_T0_260320_1316","T0","2","H5",2026-07-13 13:16:00,20260320,"38C","plate2_high",NA,NA,NA,NA,NA,NA,NA,NA
"954","H","6",858,"Resaz_plate2_high_T0_260320_1316","T0","2","H6",2026-07-13 13:16:00,20260320,"38C","plate2_high",NA,NA,NA,NA,NA,NA,NA,NA
"955","H","7",810,"Resaz_plate2_high_T0_260320_1316","T0","2","H7",2026-07-13 13:16:00,20260320,"38C","plate2_high",NA,NA,NA,NA,NA,NA,NA,NA
"956","H","8",878,"Resaz_plate2_high_T0_260320_1316","T0","2","H8",2026-07-13 13:16:00,20260320,"38C","plate2_high",NA,NA,NA,NA,NA,NA,NA,NA
"957","H","9",945,"Resaz_plate2_high_T0_260320_1316","T0","2","H9",2026-07-13 13:16:00,20260320,"38C","plate2_high",NA,NA,NA,NA,NA,NA,NA,NA
"958","H","10",875,"Resaz_plate2_high_T0_260320_1316","T0","2","H10",2026-07-13 13:16:00,20260320,"38C","plate2_high",NA,NA,NA,NA,NA,NA,NA,NA
"959","H","11",873,"Resaz_plate2_high_T0_260320_1316","T0","2","H11",2026-07-13 13:16:00,20260320,"38C","plate2_high",NA,NA,NA,NA,NA,NA,NA,NA
"960","H","12",962,"Resaz_plate2_high_T0_260320_1316","T0","2","H12",2026-07-13 13:16:00,20260320,"38C","plate2_high",NA,NA,NA,NA,NA,NA,NA,NA
"961","A","1",1119,"Resaz_plate2_high_T1_260320_1420","T1","2","A1",2026-07-13 14:20:00,20260320,"38C","plate2_high",NA,NA,NA,NA,NA,NA,NA,NA
"962","A","2",941,"Resaz_plate2_high_T1_260320_1420","T1","2","A2",2026-07-13 14:20:00,20260320,"38C","plate2_high",NA,NA,NA,NA,NA,NA,NA,NA
"963","A","3",1006,"Resaz_plate2_high_T1_260320_1420","T1","2","A3",2026-07-13 14:20:00,20260320,"38C","plate2_high",NA,NA,NA,NA,NA,NA,NA,NA
"964","A","4",993,"Resaz_plate2_high_T1_260320_1420","T1","2","A4",2026-07-13 14:20:00,20260320,"38C","plate2_high",NA,NA,NA,NA,NA,NA,NA,NA
"965","A","5",1199,"Resaz_plate2_high_T1_260320_1420","T1","2","A5",2026-07-13 14:20:00,20260320,"38C","plate2_high",NA,NA,NA,NA,NA,NA,NA,NA
"966","A","6",1258,"Resaz_plate2_high_T1_260320_1420","T1","2","A6",2026-07-13 14:20:00,20260320,"38C","plate2_high",NA,NA,NA,NA,NA,NA,NA,NA
"967","A","7",1247,"Resaz_plate2_high_T1_260320_1420","T1","2","A7",2026-07-13 14:20:00,20260320,"38C","plate2_high",NA,NA,NA,NA,NA,NA,NA,NA
"968","A","8",1061,"Resaz_plate2_high_T1_260320_1420","T1","2","A8",2026-07-13 14:20:00,20260320,"38C","plate2_high",NA,NA,NA,NA,NA,NA,NA,NA
"969","A","9",1005,"Resaz_plate2_high_T1_260320_1420","T1","2","A9",2026-07-13 14:20:00,20260320,"38C","plate2_high",NA,NA,NA,NA,NA,NA,NA,NA
"970","A","10",1277,"Resaz_plate2_high_T1_260320_1420","T1","2","A10",2026-07-13 14:20:00,20260320,"38C","plate2_high",NA,NA,NA,NA,NA,NA,NA,NA
"971","A","11",1219,"Resaz_plate2_high_T1_260320_1420","T1","2","A11",2026-07-13 14:20:00,20260320,"38C","plate2_high",NA,NA,NA,NA,NA,NA,NA,NA
"972","A","12",1324,"Resaz_plate2_high_T1_260320_1420","T1","2","A12",2026-07-13 14:20:00,20260320,"38C","plate2_high",NA,NA,NA,NA,NA,NA,NA,NA
"973","B","1",960,"Resaz_plate2_high_T1_260320_1420","T1","2","B1",2026-07-13 14:20:00,20260320,"38C","plate2_high",NA,NA,NA,NA,NA,NA,NA,NA
"974","B","2",953,"Resaz_plate2_high_T1_260320_1420","T1","2","B2",2026-07-13 14:20:00,20260320,"38C","plate2_high",NA,NA,NA,NA,NA,NA,NA,NA
"975","B","3",1050,"Resaz_plate2_high_T1_260320_1420","T1","2","B3",2026-07-13 14:20:00,20260320,"38C","plate2_high",NA,NA,NA,NA,NA,NA,NA,NA
"976","B","4",1011,"Resaz_plate2_high_T1_260320_1420","T1","2","B4",2026-07-13 14:20:00,20260320,"38C","plate2_high",NA,NA,NA,NA,NA,NA,NA,NA
"977","B","5",1262,"Resaz_plate2_high_T1_260320_1420","T1","2","B5",2026-07-13 14:20:00,20260320,"38C","plate2_high",NA,NA,NA,NA,NA,NA,NA,NA
"978","B","6",1047,"Resaz_plate2_high_T1_260320_1420","T1","2","B6",2026-07-13 14:20:00,20260320,"38C","plate2_high",NA,NA,NA,NA,NA,NA,NA,NA
"979","B","7",1157,"Resaz_plate2_high_T1_260320_1420","T1","2","B7",2026-07-13 14:20:00,20260320,"38C","plate2_high",NA,NA,NA,NA,NA,NA,NA,NA
"980","B","8",997,"Resaz_plate2_high_T1_260320_1420","T1","2","B8",2026-07-13 14:20:00,20260320,"38C","plate2_high",NA,NA,NA,NA,NA,NA,NA,NA
"981","B","9",1118,"Resaz_plate2_high_T1_260320_1420","T1","2","B9",2026-07-13 14:20:00,20260320,"38C","plate2_high",NA,NA,NA,NA,NA,NA,NA,NA
"982","B","10",1106,"Resaz_plate2_high_T1_260320_1420","T1","2","B10",2026-07-13 14:20:00,20260320,"38C","plate2_high",NA,NA,NA,NA,NA,NA,NA,NA
"983","B","11",1071,"Resaz_plate2_high_T1_260320_1420","T1","2","B11",2026-07-13 14:20:00,20260320,"38C","plate2_high",NA,NA,NA,NA,NA,NA,NA,NA
"984","B","12",1146,"Resaz_plate2_high_T1_260320_1420","T1","2","B12",2026-07-13 14:20:00,20260320,"38C","plate2_high",NA,NA,NA,NA,NA,NA,NA,NA
"985","C","1",976,"Resaz_plate2_high_T1_260320_1420","T1","2","C1",2026-07-13 14:20:00,20260320,"38C","plate2_high",NA,NA,NA,NA,NA,NA,NA,NA
"986","C","2",971,"Resaz_plate2_high_T1_260320_1420","T1","2","C2",2026-07-13 14:20:00,20260320,"38C","plate2_high",NA,NA,NA,NA,NA,NA,NA,NA
"987","C","3",1133,"Resaz_plate2_high_T1_260320_1420","T1","2","C3",2026-07-13 14:20:00,20260320,"38C","plate2_high",NA,NA,NA,NA,NA,NA,NA,NA
"988","C","4",961,"Resaz_plate2_high_T1_260320_1420","T1","2","C4",2026-07-13 14:20:00,20260320,"38C","plate2_high",NA,NA,NA,NA,NA,NA,NA,NA
"989","C","5",1042,"Resaz_plate2_high_T1_260320_1420","T1","2","C5",2026-07-13 14:20:00,20260320,"38C","plate2_high",NA,NA,NA,NA,NA,NA,NA,NA
"990","C","6",1023,"Resaz_plate2_high_T1_260320_1420","T1","2","C6",2026-07-13 14:20:00,20260320,"38C","plate2_high",NA,NA,NA,NA,NA,NA,NA,NA
"991","C","7",1084,"Resaz_plate2_high_T1_260320_1420","T1","2","C7",2026-07-13 14:20:00,20260320,"38C","plate2_high",NA,NA,NA,NA,NA,NA,NA,NA
"992","C","8",1003,"Resaz_plate2_high_T1_260320_1420","T1","2","C8",2026-07-13 14:20:00,20260320,"38C","plate2_high",NA,NA,NA,NA,NA,NA,NA,NA
"993","C","9",1080,"Resaz_plate2_high_T1_260320_1420","T1","2","C9",2026-07-13 14:20:00,20260320,"38C","plate2_high",NA,NA,NA,NA,NA,NA,NA,NA
"994","C","10",1139,"Resaz_plate2_high_T1_260320_1420","T1","2","C10",2026-07-13 14:20:00,20260320,"38C","plate2_high",NA,NA,NA,NA,NA,NA,NA,NA
"995","C","11",1131,"Resaz_plate2_high_T1_260320_1420","T1","2","C11",2026-07-13 14:20:00,20260320,"38C","plate2_high",NA,NA,NA,NA,NA,NA,NA,NA
"996","C","12",1436,"Resaz_plate2_high_T1_260320_1420","T1","2","C12",2026-07-13 14:20:00,20260320,"38C","plate2_high",NA,NA,NA,NA,NA,NA,NA,NA
"997","D","1",1065,"Resaz_plate2_high_T1_260320_1420","T1","2","D1",2026-07-13 14:20:00,20260320,"38C","plate2_high",NA,NA,NA,NA,NA,NA,NA,NA
"998","D","2",1045,"Resaz_plate2_high_T1_260320_1420","T1","2","D2",2026-07-13 14:20:00,20260320,"38C","plate2_high",NA,NA,NA,NA,NA,NA,NA,NA
"999","D","3",1031,"Resaz_plate2_high_T1_260320_1420","T1","2","D3",2026-07-13 14:20:00,20260320,"38C","plate2_high",NA,NA,NA,NA,NA,NA,NA,NA
"1000","D","4",1049,"Resaz_plate2_high_T1_260320_1420","T1","2","D4",2026-07-13 14:20:00,20260320,"38C","plate2_high",NA,NA,NA,NA,NA,NA,NA,NA
"1001","D","5",1064,"Resaz_plate2_high_T1_260320_1420","T1","2","D5",2026-07-13 14:20:00,20260320,"38C","plate2_high",NA,NA,NA,NA,NA,NA,NA,NA
"1002","D","6",1352,"Resaz_plate2_high_T1_260320_1420","T1","2","D6",2026-07-13 14:20:00,20260320,"38C","plate2_high",NA,NA,NA,NA,NA,NA,NA,NA
"1003","D","7",1653,"Resaz_plate2_high_T1_260320_1420","T1","2","D7",2026-07-13 14:20:00,20260320,"38C","plate2_high",NA,NA,NA,NA,NA,NA,NA,NA
"1004","D","8",1199,"Resaz_plate2_high_T1_260320_1420","T1","2","D8",2026-07-13 14:20:00,20260320,"38C","plate2_high",NA,NA,NA,NA,NA,NA,NA,NA
"1005","D","9",1134,"Resaz_plate2_high_T1_260320_1420","T1","2","D9",2026-07-13 14:20:00,20260320,"38C","plate2_high",NA,NA,NA,NA,NA,NA,NA,NA
"1006","D","10",1158,"Resaz_plate2_high_T1_260320_1420","T1","2","D10",2026-07-13 14:20:00,20260320,"38C","plate2_high",NA,NA,NA,NA,NA,NA,NA,NA
"1007","D","11",1157,"Resaz_plate2_high_T1_260320_1420","T1","2","D11",2026-07-13 14:20:00,20260320,"38C","plate2_high",NA,NA,NA,NA,NA,NA,NA,NA
"1008","D","12",3499,"Resaz_plate2_high_T1_260320_1420","T1","2","D12",2026-07-13 14:20:00,20260320,"38C","plate2_high",NA,NA,NA,NA,NA,NA,NA,NA
"1009","E","1",1095,"Resaz_plate2_high_T1_260320_1420","T1","2","E1",2026-07-13 14:20:00,20260320,"38C","plate2_high",NA,NA,NA,NA,NA,NA,NA,NA
"1010","E","2",1034,"Resaz_plate2_high_T1_260320_1420","T1","2","E2",2026-07-13 14:20:00,20260320,"38C","plate2_high",NA,NA,NA,NA,NA,NA,NA,NA
"1011","E","3",1164,"Resaz_plate2_high_T1_260320_1420","T1","2","E3",2026-07-13 14:20:00,20260320,"38C","plate2_high",NA,NA,NA,NA,NA,NA,NA,NA
"1012","E","4",3495,"Resaz_plate2_high_T1_260320_1420","T1","2","E4",2026-07-13 14:20:00,20260320,"38C","plate2_high",NA,NA,NA,NA,NA,NA,NA,NA
"1013","E","5",1129,"Resaz_plate2_high_T1_260320_1420","T1","2","E5",2026-07-13 14:20:00,20260320,"38C","plate2_high",NA,NA,NA,NA,NA,NA,NA,NA
"1014","E","6",1102,"Resaz_plate2_high_T1_260320_1420","T1","2","E6",2026-07-13 14:20:00,20260320,"38C","plate2_high",NA,NA,NA,NA,NA,NA,NA,NA
"1015","E","7",1144,"Resaz_plate2_high_T1_260320_1420","T1","2","E7",2026-07-13 14:20:00,20260320,"38C","plate2_high",NA,NA,NA,NA,NA,NA,NA,NA
"1016","E","8",1076,"Resaz_plate2_high_T1_260320_1420","T1","2","E8",2026-07-13 14:20:00,20260320,"38C","plate2_high",NA,NA,NA,NA,NA,NA,NA,NA
"1017","E","9",3546,"Resaz_plate2_high_T1_260320_1420","T1","2","E9",2026-07-13 14:20:00,20260320,"38C","plate2_high",NA,NA,NA,NA,NA,NA,NA,NA
"1018","E","10",1211,"Resaz_plate2_high_T1_260320_1420","T1","2","E10",2026-07-13 14:20:00,20260320,"38C","plate2_high",NA,NA,NA,NA,NA,NA,NA,NA
"1019","E","11",1156,"Resaz_plate2_high_T1_260320_1420","T1","2","E11",2026-07-13 14:20:00,20260320,"38C","plate2_high",NA,NA,NA,NA,NA,NA,NA,NA
"1020","E","12",3505,"Resaz_plate2_high_T1_260320_1420","T1","2","E12",2026-07-13 14:20:00,20260320,"38C","plate2_high",NA,NA,NA,NA,NA,NA,NA,NA
"1021","F","1",1113,"Resaz_plate2_high_T1_260320_1420","T1","2","F1",2026-07-13 14:20:00,20260320,"38C","plate2_high",NA,NA,NA,NA,NA,NA,NA,NA
"1022","F","2",1218,"Resaz_plate2_high_T1_260320_1420","T1","2","F2",2026-07-13 14:20:00,20260320,"38C","plate2_high",NA,NA,NA,NA,NA,NA,NA,NA
"1023","F","3",983,"Resaz_plate2_high_T1_260320_1420","T1","2","F3",2026-07-13 14:20:00,20260320,"38C","plate2_high",NA,NA,NA,NA,NA,NA,NA,NA
"1024","F","4",1019,"Resaz_plate2_high_T1_260320_1420","T1","2","F4",2026-07-13 14:20:00,20260320,"38C","plate2_high",NA,NA,NA,NA,NA,NA,NA,NA
"1025","F","5",3522,"Resaz_plate2_high_T1_260320_1420","T1","2","F5",2026-07-13 14:20:00,20260320,"38C","plate2_high",NA,NA,NA,NA,NA,NA,NA,NA
"1026","F","6",1024,"Resaz_plate2_high_T1_260320_1420","T1","2","F6",2026-07-13 14:20:00,20260320,"38C","plate2_high",NA,NA,NA,NA,NA,NA,NA,NA
"1027","F","7",997,"Resaz_plate2_high_T1_260320_1420","T1","2","F7",2026-07-13 14:20:00,20260320,"38C","plate2_high",NA,NA,NA,NA,NA,NA,NA,NA
"1028","F","8",974,"Resaz_plate2_high_T1_260320_1420","T1","2","F8",2026-07-13 14:20:00,20260320,"38C","plate2_high",NA,NA,NA,NA,NA,NA,NA,NA
"1029","F","9",3546,"Resaz_plate2_high_T1_260320_1420","T1","2","F9",2026-07-13 14:20:00,20260320,"38C","plate2_high",NA,NA,NA,NA,NA,NA,NA,NA
"1030","F","10",1144,"Resaz_plate2_high_T1_260320_1420","T1","2","F10",2026-07-13 14:20:00,20260320,"38C","plate2_high",NA,NA,NA,NA,NA,NA,NA,NA
"1031","F","11",1133,"Resaz_plate2_high_T1_260320_1420","T1","2","F11",2026-07-13 14:20:00,20260320,"38C","plate2_high",NA,NA,NA,NA,NA,NA,NA,NA
"1032","F","12",3539,"Resaz_plate2_high_T1_260320_1420","T1","2","F12",2026-07-13 14:20:00,20260320,"38C","plate2_high",NA,NA,NA,NA,NA,NA,NA,NA
"1033","G","1",897,"Resaz_plate2_high_T1_260320_1420","T1","2","G1",2026-07-13 14:20:00,20260320,"38C","plate2_high",NA,NA,NA,NA,NA,NA,NA,NA
"1034","G","2",928,"Resaz_plate2_high_T1_260320_1420","T1","2","G2",2026-07-13 14:20:00,20260320,"38C","plate2_high",NA,NA,NA,NA,NA,NA,NA,NA
"1035","G","3",948,"Resaz_plate2_high_T1_260320_1420","T1","2","G3",2026-07-13 14:20:00,20260320,"38C","plate2_high",NA,NA,NA,NA,NA,NA,NA,NA
"1036","G","4",3463,"Resaz_plate2_high_T1_260320_1420","T1","2","G4",2026-07-13 14:20:00,20260320,"38C","plate2_high",NA,NA,NA,NA,NA,NA,NA,NA
"1037","G","5",3521,"Resaz_plate2_high_T1_260320_1420","T1","2","G5",2026-07-13 14:20:00,20260320,"38C","plate2_high",NA,NA,NA,NA,NA,NA,NA,NA
"1038","G","6",954,"Resaz_plate2_high_T1_260320_1420","T1","2","G6",2026-07-13 14:20:00,20260320,"38C","plate2_high",NA,NA,NA,NA,NA,NA,NA,NA
"1039","G","7",976,"Resaz_plate2_high_T1_260320_1420","T1","2","G7",2026-07-13 14:20:00,20260320,"38C","plate2_high",NA,NA,NA,NA,NA,NA,NA,NA
"1040","G","8",942,"Resaz_plate2_high_T1_260320_1420","T1","2","G8",2026-07-13 14:20:00,20260320,"38C","plate2_high",NA,NA,NA,NA,NA,NA,NA,NA
"1041","G","9",1072,"Resaz_plate2_high_T1_260320_1420","T1","2","G9",2026-07-13 14:20:00,20260320,"38C","plate2_high",NA,NA,NA,NA,NA,NA,NA,NA
"1042","G","10",3520,"Resaz_plate2_high_T1_260320_1420","T1","2","G10",2026-07-13 14:20:00,20260320,"38C","plate2_high",NA,NA,NA,NA,NA,NA,NA,NA
"1043","G","11",3563,"Resaz_plate2_high_T1_260320_1420","T1","2","G11",2026-07-13 14:20:00,20260320,"38C","plate2_high",NA,NA,NA,NA,NA,NA,NA,NA
"1044","G","12",1207,"Resaz_plate2_high_T1_260320_1420","T1","2","G12",2026-07-13 14:20:00,20260320,"38C","plate2_high",NA,NA,NA,NA,NA,NA,NA,NA
"1045","H","1",859,"Resaz_plate2_high_T1_260320_1420","T1","2","H1",2026-07-13 14:20:00,20260320,"38C","plate2_high",NA,NA,NA,NA,NA,NA,NA,NA
"1046","H","2",932,"Resaz_plate2_high_T1_260320_1420","T1","2","H2",2026-07-13 14:20:00,20260320,"38C","plate2_high",NA,NA,NA,NA,NA,NA,NA,NA
"1047","H","3",948,"Resaz_plate2_high_T1_260320_1420","T1","2","H3",2026-07-13 14:20:00,20260320,"38C","plate2_high",NA,NA,NA,NA,NA,NA,NA,NA
"1048","H","4",952,"Resaz_plate2_high_T1_260320_1420","T1","2","H4",2026-07-13 14:20:00,20260320,"38C","plate2_high",NA,NA,NA,NA,NA,NA,NA,NA
"1049","H","5",970,"Resaz_plate2_high_T1_260320_1420","T1","2","H5",2026-07-13 14:20:00,20260320,"38C","plate2_high",NA,NA,NA,NA,NA,NA,NA,NA
"1050","H","6",942,"Resaz_plate2_high_T1_260320_1420","T1","2","H6",2026-07-13 14:20:00,20260320,"38C","plate2_high",NA,NA,NA,NA,NA,NA,NA,NA
"1051","H","7",890,"Resaz_plate2_high_T1_260320_1420","T1","2","H7",2026-07-13 14:20:00,20260320,"38C","plate2_high",NA,NA,NA,NA,NA,NA,NA,NA
"1052","H","8",960,"Resaz_plate2_high_T1_260320_1420","T1","2","H8",2026-07-13 14:20:00,20260320,"38C","plate2_high",NA,NA,NA,NA,NA,NA,NA,NA
"1053","H","9",1027,"Resaz_plate2_high_T1_260320_1420","T1","2","H9",2026-07-13 14:20:00,20260320,"38C","plate2_high",NA,NA,NA,NA,NA,NA,NA,NA
"1054","H","10",969,"Resaz_plate2_high_T1_260320_1420","T1","2","H10",2026-07-13 14:20:00,20260320,"38C","plate2_high",NA,NA,NA,NA,NA,NA,NA,NA
"1055","H","11",1005,"Resaz_plate2_high_T1_260320_1420","T1","2","H11",2026-07-13 14:20:00,20260320,"38C","plate2_high",NA,NA,NA,NA,NA,NA,NA,NA
"1056","H","12",1176,"Resaz_plate2_high_T1_260320_1420","T1","2","H12",2026-07-13 14:20:00,20260320,"38C","plate2_high",NA,NA,NA,NA,NA,NA,NA,NA
"1057","A","1",1203,"Resaz_plate2_high_T2_260320_1532","T2","2","A1",2026-07-13 15:32:00,20260320,"38C","plate2_high",NA,NA,NA,NA,NA,NA,NA,NA
"1058","A","2",996,"Resaz_plate2_high_T2_260320_1532","T2","2","A2",2026-07-13 15:32:00,20260320,"38C","plate2_high",NA,NA,NA,NA,NA,NA,NA,NA
"1059","A","3",1096,"Resaz_plate2_high_T2_260320_1532","T2","2","A3",2026-07-13 15:32:00,20260320,"38C","plate2_high",NA,NA,NA,NA,NA,NA,NA,NA
"1060","A","4",1059,"Resaz_plate2_high_T2_260320_1532","T2","2","A4",2026-07-13 15:32:00,20260320,"38C","plate2_high",NA,NA,NA,NA,NA,NA,NA,NA
"1061","A","5",1321,"Resaz_plate2_high_T2_260320_1532","T2","2","A5",2026-07-13 15:32:00,20260320,"38C","plate2_high",NA,NA,NA,NA,NA,NA,NA,NA
"1062","A","6",1344,"Resaz_plate2_high_T2_260320_1532","T2","2","A6",2026-07-13 15:32:00,20260320,"38C","plate2_high",NA,NA,NA,NA,NA,NA,NA,NA
"1063","A","7",1445,"Resaz_plate2_high_T2_260320_1532","T2","2","A7",2026-07-13 15:32:00,20260320,"38C","plate2_high",NA,NA,NA,NA,NA,NA,NA,NA
"1064","A","8",1143,"Resaz_plate2_high_T2_260320_1532","T2","2","A8",2026-07-13 15:32:00,20260320,"38C","plate2_high",NA,NA,NA,NA,NA,NA,NA,NA
"1065","A","9",1100,"Resaz_plate2_high_T2_260320_1532","T2","2","A9",2026-07-13 15:32:00,20260320,"38C","plate2_high",NA,NA,NA,NA,NA,NA,NA,NA
"1066","A","10",1432,"Resaz_plate2_high_T2_260320_1532","T2","2","A10",2026-07-13 15:32:00,20260320,"38C","plate2_high",NA,NA,NA,NA,NA,NA,NA,NA
"1067","A","11",1374,"Resaz_plate2_high_T2_260320_1532","T2","2","A11",2026-07-13 15:32:00,20260320,"38C","plate2_high",NA,NA,NA,NA,NA,NA,NA,NA
"1068","A","12",1504,"Resaz_plate2_high_T2_260320_1532","T2","2","A12",2026-07-13 15:32:00,20260320,"38C","plate2_high",NA,NA,NA,NA,NA,NA,NA,NA
"1069","B","1",1020,"Resaz_plate2_high_T2_260320_1532","T2","2","B1",2026-07-13 15:32:00,20260320,"38C","plate2_high",NA,NA,NA,NA,NA,NA,NA,NA
"1070","B","2",1013,"Resaz_plate2_high_T2_260320_1532","T2","2","B2",2026-07-13 15:32:00,20260320,"38C","plate2_high",NA,NA,NA,NA,NA,NA,NA,NA
"1071","B","3",1113,"Resaz_plate2_high_T2_260320_1532","T2","2","B3",2026-07-13 15:32:00,20260320,"38C","plate2_high",NA,NA,NA,NA,NA,NA,NA,NA
"1072","B","4",1054,"Resaz_plate2_high_T2_260320_1532","T2","2","B4",2026-07-13 15:32:00,20260320,"38C","plate2_high",NA,NA,NA,NA,NA,NA,NA,NA
"1073","B","5",1344,"Resaz_plate2_high_T2_260320_1532","T2","2","B5",2026-07-13 15:32:00,20260320,"38C","plate2_high",NA,NA,NA,NA,NA,NA,NA,NA
"1074","B","6",1113,"Resaz_plate2_high_T2_260320_1532","T2","2","B6",2026-07-13 15:32:00,20260320,"38C","plate2_high",NA,NA,NA,NA,NA,NA,NA,NA
"1075","B","7",1289,"Resaz_plate2_high_T2_260320_1532","T2","2","B7",2026-07-13 15:32:00,20260320,"38C","plate2_high",NA,NA,NA,NA,NA,NA,NA,NA
"1076","B","8",1057,"Resaz_plate2_high_T2_260320_1532","T2","2","B8",2026-07-13 15:32:00,20260320,"38C","plate2_high",NA,NA,NA,NA,NA,NA,NA,NA
"1077","B","9",1205,"Resaz_plate2_high_T2_260320_1532","T2","2","B9",2026-07-13 15:32:00,20260320,"38C","plate2_high",NA,NA,NA,NA,NA,NA,NA,NA
"1078","B","10",1266,"Resaz_plate2_high_T2_260320_1532","T2","2","B10",2026-07-13 15:32:00,20260320,"38C","plate2_high",NA,NA,NA,NA,NA,NA,NA,NA
"1079","B","11",1248,"Resaz_plate2_high_T2_260320_1532","T2","2","B11",2026-07-13 15:32:00,20260320,"38C","plate2_high",NA,NA,NA,NA,NA,NA,NA,NA
"1080","B","12",1363,"Resaz_plate2_high_T2_260320_1532","T2","2","B12",2026-07-13 15:32:00,20260320,"38C","plate2_high",NA,NA,NA,NA,NA,NA,NA,NA
"1081","C","1",1049,"Resaz_plate2_high_T2_260320_1532","T2","2","C1",2026-07-13 15:32:00,20260320,"38C","plate2_high",NA,NA,NA,NA,NA,NA,NA,NA
"1082","C","2",1028,"Resaz_plate2_high_T2_260320_1532","T2","2","C2",2026-07-13 15:32:00,20260320,"38C","plate2_high",NA,NA,NA,NA,NA,NA,NA,NA
"1083","C","3",1273,"Resaz_plate2_high_T2_260320_1532","T2","2","C3",2026-07-13 15:32:00,20260320,"38C","plate2_high",NA,NA,NA,NA,NA,NA,NA,NA
"1084","C","4",1015,"Resaz_plate2_high_T2_260320_1532","T2","2","C4",2026-07-13 15:32:00,20260320,"38C","plate2_high",NA,NA,NA,NA,NA,NA,NA,NA
"1085","C","5",1108,"Resaz_plate2_high_T2_260320_1532","T2","2","C5",2026-07-13 15:32:00,20260320,"38C","plate2_high",NA,NA,NA,NA,NA,NA,NA,NA
"1086","C","6",1101,"Resaz_plate2_high_T2_260320_1532","T2","2","C6",2026-07-13 15:32:00,20260320,"38C","plate2_high",NA,NA,NA,NA,NA,NA,NA,NA
"1087","C","7",1269,"Resaz_plate2_high_T2_260320_1532","T2","2","C7",2026-07-13 15:32:00,20260320,"38C","plate2_high",NA,NA,NA,NA,NA,NA,NA,NA
"1088","C","8",1064,"Resaz_plate2_high_T2_260320_1532","T2","2","C8",2026-07-13 15:32:00,20260320,"38C","plate2_high",NA,NA,NA,NA,NA,NA,NA,NA
"1089","C","9",1180,"Resaz_plate2_high_T2_260320_1532","T2","2","C9",2026-07-13 15:32:00,20260320,"38C","plate2_high",NA,NA,NA,NA,NA,NA,NA,NA
"1090","C","10",1327,"Resaz_plate2_high_T2_260320_1532","T2","2","C10",2026-07-13 15:32:00,20260320,"38C","plate2_high",NA,NA,NA,NA,NA,NA,NA,NA
"1091","C","11",1367,"Resaz_plate2_high_T2_260320_1532","T2","2","C11",2026-07-13 15:32:00,20260320,"38C","plate2_high",NA,NA,NA,NA,NA,NA,NA,NA
"1092","C","12",1774,"Resaz_plate2_high_T2_260320_1532","T2","2","C12",2026-07-13 15:32:00,20260320,"38C","plate2_high",NA,NA,NA,NA,NA,NA,NA,NA
"1093","D","1",1170,"Resaz_plate2_high_T2_260320_1532","T2","2","D1",2026-07-13 15:32:00,20260320,"38C","plate2_high",NA,NA,NA,NA,NA,NA,NA,NA
"1094","D","2",1088,"Resaz_plate2_high_T2_260320_1532","T2","2","D2",2026-07-13 15:32:00,20260320,"38C","plate2_high",NA,NA,NA,NA,NA,NA,NA,NA
"1095","D","3",1135,"Resaz_plate2_high_T2_260320_1532","T2","2","D3",2026-07-13 15:32:00,20260320,"38C","plate2_high",NA,NA,NA,NA,NA,NA,NA,NA
"1096","D","4",1134,"Resaz_plate2_high_T2_260320_1532","T2","2","D4",2026-07-13 15:32:00,20260320,"38C","plate2_high",NA,NA,NA,NA,NA,NA,NA,NA
"1097","D","5",1172,"Resaz_plate2_high_T2_260320_1532","T2","2","D5",2026-07-13 15:32:00,20260320,"38C","plate2_high",NA,NA,NA,NA,NA,NA,NA,NA
"1098","D","6",1510,"Resaz_plate2_high_T2_260320_1532","T2","2","D6",2026-07-13 15:32:00,20260320,"38C","plate2_high",NA,NA,NA,NA,NA,NA,NA,NA
"1099","D","7",1914,"Resaz_plate2_high_T2_260320_1532","T2","2","D7",2026-07-13 15:32:00,20260320,"38C","plate2_high",NA,NA,NA,NA,NA,NA,NA,NA
"1100","D","8",1411,"Resaz_plate2_high_T2_260320_1532","T2","2","D8",2026-07-13 15:32:00,20260320,"38C","plate2_high",NA,NA,NA,NA,NA,NA,NA,NA
"1101","D","9",1267,"Resaz_plate2_high_T2_260320_1532","T2","2","D9",2026-07-13 15:32:00,20260320,"38C","plate2_high",NA,NA,NA,NA,NA,NA,NA,NA
"1102","D","10",1332,"Resaz_plate2_high_T2_260320_1532","T2","2","D10",2026-07-13 15:32:00,20260320,"38C","plate2_high",NA,NA,NA,NA,NA,NA,NA,NA
"1103","D","11",1391,"Resaz_plate2_high_T2_260320_1532","T2","2","D11",2026-07-13 15:32:00,20260320,"38C","plate2_high",NA,NA,NA,NA,NA,NA,NA,NA
"1104","D","12",3454,"Resaz_plate2_high_T2_260320_1532","T2","2","D12",2026-07-13 15:32:00,20260320,"38C","plate2_high",NA,NA,NA,NA,NA,NA,NA,NA
"1105","E","1",1246,"Resaz_plate2_high_T2_260320_1532","T2","2","E1",2026-07-13 15:32:00,20260320,"38C","plate2_high",NA,NA,NA,NA,NA,NA,NA,NA
"1106","E","2",1099,"Resaz_plate2_high_T2_260320_1532","T2","2","E2",2026-07-13 15:32:00,20260320,"38C","plate2_high",NA,NA,NA,NA,NA,NA,NA,NA
"1107","E","3",1332,"Resaz_plate2_high_T2_260320_1532","T2","2","E3",2026-07-13 15:32:00,20260320,"38C","plate2_high",NA,NA,NA,NA,NA,NA,NA,NA
"1108","E","4",3553,"Resaz_plate2_high_T2_260320_1532","T2","2","E4",2026-07-13 15:32:00,20260320,"38C","plate2_high",NA,NA,NA,NA,NA,NA,NA,NA
"1109","E","5",1253,"Resaz_plate2_high_T2_260320_1532","T2","2","E5",2026-07-13 15:32:00,20260320,"38C","plate2_high",NA,NA,NA,NA,NA,NA,NA,NA
"1110","E","6",1200,"Resaz_plate2_high_T2_260320_1532","T2","2","E6",2026-07-13 15:32:00,20260320,"38C","plate2_high",NA,NA,NA,NA,NA,NA,NA,NA
"1111","E","7",1332,"Resaz_plate2_high_T2_260320_1532","T2","2","E7",2026-07-13 15:32:00,20260320,"38C","plate2_high",NA,NA,NA,NA,NA,NA,NA,NA
"1112","E","8",1165,"Resaz_plate2_high_T2_260320_1532","T2","2","E8",2026-07-13 15:32:00,20260320,"38C","plate2_high",NA,NA,NA,NA,NA,NA,NA,NA
"1113","E","9",3606,"Resaz_plate2_high_T2_260320_1532","T2","2","E9",2026-07-13 15:32:00,20260320,"38C","plate2_high",NA,NA,NA,NA,NA,NA,NA,NA
"1114","E","10",1417,"Resaz_plate2_high_T2_260320_1532","T2","2","E10",2026-07-13 15:32:00,20260320,"38C","plate2_high",NA,NA,NA,NA,NA,NA,NA,NA
"1115","E","11",1415,"Resaz_plate2_high_T2_260320_1532","T2","2","E11",2026-07-13 15:32:00,20260320,"38C","plate2_high",NA,NA,NA,NA,NA,NA,NA,NA
"1116","E","12",3439,"Resaz_plate2_high_T2_260320_1532","T2","2","E12",2026-07-13 15:32:00,20260320,"38C","plate2_high",NA,NA,NA,NA,NA,NA,NA,NA
"1117","F","1",1170,"Resaz_plate2_high_T2_260320_1532","T2","2","F1",2026-07-13 15:32:00,20260320,"38C","plate2_high",NA,NA,NA,NA,NA,NA,NA,NA
"1118","F","2",1268,"Resaz_plate2_high_T2_260320_1532","T2","2","F2",2026-07-13 15:32:00,20260320,"38C","plate2_high",NA,NA,NA,NA,NA,NA,NA,NA
"1119","F","3",1051,"Resaz_plate2_high_T2_260320_1532","T2","2","F3",2026-07-13 15:32:00,20260320,"38C","plate2_high",NA,NA,NA,NA,NA,NA,NA,NA
"1120","F","4",1082,"Resaz_plate2_high_T2_260320_1532","T2","2","F4",2026-07-13 15:32:00,20260320,"38C","plate2_high",NA,NA,NA,NA,NA,NA,NA,NA
"1121","F","5",3584,"Resaz_plate2_high_T2_260320_1532","T2","2","F5",2026-07-13 15:32:00,20260320,"38C","plate2_high",NA,NA,NA,NA,NA,NA,NA,NA
"1122","F","6",1115,"Resaz_plate2_high_T2_260320_1532","T2","2","F6",2026-07-13 15:32:00,20260320,"38C","plate2_high",NA,NA,NA,NA,NA,NA,NA,NA
"1123","F","7",1142,"Resaz_plate2_high_T2_260320_1532","T2","2","F7",2026-07-13 15:32:00,20260320,"38C","plate2_high",NA,NA,NA,NA,NA,NA,NA,NA
"1124","F","8",1067,"Resaz_plate2_high_T2_260320_1532","T2","2","F8",2026-07-13 15:32:00,20260320,"38C","plate2_high",NA,NA,NA,NA,NA,NA,NA,NA
"1125","F","9",3599,"Resaz_plate2_high_T2_260320_1532","T2","2","F9",2026-07-13 15:32:00,20260320,"38C","plate2_high",NA,NA,NA,NA,NA,NA,NA,NA
"1126","F","10",1343,"Resaz_plate2_high_T2_260320_1532","T2","2","F10",2026-07-13 15:32:00,20260320,"38C","plate2_high",NA,NA,NA,NA,NA,NA,NA,NA
"1127","F","11",1354,"Resaz_plate2_high_T2_260320_1532","T2","2","F11",2026-07-13 15:32:00,20260320,"38C","plate2_high",NA,NA,NA,NA,NA,NA,NA,NA
"1128","F","12",3468,"Resaz_plate2_high_T2_260320_1532","T2","2","F12",2026-07-13 15:32:00,20260320,"38C","plate2_high",NA,NA,NA,NA,NA,NA,NA,NA
"1129","G","1",939,"Resaz_plate2_high_T2_260320_1532","T2","2","G1",2026-07-13 15:32:00,20260320,"38C","plate2_high",NA,NA,NA,NA,NA,NA,NA,NA
"1130","G","2",953,"Resaz_plate2_high_T2_260320_1532","T2","2","G2",2026-07-13 15:32:00,20260320,"38C","plate2_high",NA,NA,NA,NA,NA,NA,NA,NA
"1131","G","3",976,"Resaz_plate2_high_T2_260320_1532","T2","2","G3",2026-07-13 15:32:00,20260320,"38C","plate2_high",NA,NA,NA,NA,NA,NA,NA,NA
"1132","G","4",3531,"Resaz_plate2_high_T2_260320_1532","T2","2","G4",2026-07-13 15:32:00,20260320,"38C","plate2_high",NA,NA,NA,NA,NA,NA,NA,NA
"1133","G","5",3579,"Resaz_plate2_high_T2_260320_1532","T2","2","G5",2026-07-13 15:32:00,20260320,"38C","plate2_high",NA,NA,NA,NA,NA,NA,NA,NA
"1134","G","6",1048,"Resaz_plate2_high_T2_260320_1532","T2","2","G6",2026-07-13 15:32:00,20260320,"38C","plate2_high",NA,NA,NA,NA,NA,NA,NA,NA
"1135","G","7",1104,"Resaz_plate2_high_T2_260320_1532","T2","2","G7",2026-07-13 15:32:00,20260320,"38C","plate2_high",NA,NA,NA,NA,NA,NA,NA,NA
"1136","G","8",1032,"Resaz_plate2_high_T2_260320_1532","T2","2","G8",2026-07-13 15:32:00,20260320,"38C","plate2_high",NA,NA,NA,NA,NA,NA,NA,NA
"1137","G","9",1185,"Resaz_plate2_high_T2_260320_1532","T2","2","G9",2026-07-13 15:32:00,20260320,"38C","plate2_high",NA,NA,NA,NA,NA,NA,NA,NA
"1138","G","10",3572,"Resaz_plate2_high_T2_260320_1532","T2","2","G10",2026-07-13 15:32:00,20260320,"38C","plate2_high",NA,NA,NA,NA,NA,NA,NA,NA
"1139","G","11",3608,"Resaz_plate2_high_T2_260320_1532","T2","2","G11",2026-07-13 15:32:00,20260320,"38C","plate2_high",NA,NA,NA,NA,NA,NA,NA,NA
"1140","G","12",1503,"Resaz_plate2_high_T2_260320_1532","T2","2","G12",2026-07-13 15:32:00,20260320,"38C","plate2_high",NA,NA,NA,NA,NA,NA,NA,NA
"1141","H","1",891,"Resaz_plate2_high_T2_260320_1532","T2","2","H1",2026-07-13 15:32:00,20260320,"38C","plate2_high",NA,NA,NA,NA,NA,NA,NA,NA
"1142","H","2",969,"Resaz_plate2_high_T2_260320_1532","T2","2","H2",2026-07-13 15:32:00,20260320,"38C","plate2_high",NA,NA,NA,NA,NA,NA,NA,NA
"1143","H","3",992,"Resaz_plate2_high_T2_260320_1532","T2","2","H3",2026-07-13 15:32:00,20260320,"38C","plate2_high",NA,NA,NA,NA,NA,NA,NA,NA
"1144","H","4",1001,"Resaz_plate2_high_T2_260320_1532","T2","2","H4",2026-07-13 15:32:00,20260320,"38C","plate2_high",NA,NA,NA,NA,NA,NA,NA,NA
"1145","H","5",1026,"Resaz_plate2_high_T2_260320_1532","T2","2","H5",2026-07-13 15:32:00,20260320,"38C","plate2_high",NA,NA,NA,NA,NA,NA,NA,NA
"1146","H","6",1002,"Resaz_plate2_high_T2_260320_1532","T2","2","H6",2026-07-13 15:32:00,20260320,"38C","plate2_high",NA,NA,NA,NA,NA,NA,NA,NA
"1147","H","7",947,"Resaz_plate2_high_T2_260320_1532","T2","2","H7",2026-07-13 15:32:00,20260320,"38C","plate2_high",NA,NA,NA,NA,NA,NA,NA,NA
"1148","H","8",1026,"Resaz_plate2_high_T2_260320_1532","T2","2","H8",2026-07-13 15:32:00,20260320,"38C","plate2_high",NA,NA,NA,NA,NA,NA,NA,NA
"1149","H","9",1105,"Resaz_plate2_high_T2_260320_1532","T2","2","H9",2026-07-13 15:32:00,20260320,"38C","plate2_high",NA,NA,NA,NA,NA,NA,NA,NA
"1150","H","10",1062,"Resaz_plate2_high_T2_260320_1532","T2","2","H10",2026-07-13 15:32:00,20260320,"38C","plate2_high",NA,NA,NA,NA,NA,NA,NA,NA
"1151","H","11",1138,"Resaz_plate2_high_T2_260320_1532","T2","2","H11",2026-07-13 15:32:00,20260320,"38C","plate2_high",NA,NA,NA,NA,NA,NA,NA,NA
"1152","H","12",1398,"Resaz_plate2_high_T2_260320_1532","T2","2","H12",2026-07-13 15:32:00,20260320,"38C","plate2_high",NA,NA,NA,NA,NA,NA,NA,NA
"1153","A","1",1244,"Resaz_plate2_high_T3_260320_1637","T3","2","A1",2026-07-13 16:37:00,20260320,"38C","plate2_high",NA,NA,NA,NA,NA,NA,NA,NA
"1154","A","2",1019,"Resaz_plate2_high_T3_260320_1637","T3","2","A2",2026-07-13 16:37:00,20260320,"38C","plate2_high",NA,NA,NA,NA,NA,NA,NA,NA
"1155","A","3",1139,"Resaz_plate2_high_T3_260320_1637","T3","2","A3",2026-07-13 16:37:00,20260320,"38C","plate2_high",NA,NA,NA,NA,NA,NA,NA,NA
"1156","A","4",1089,"Resaz_plate2_high_T3_260320_1637","T3","2","A4",2026-07-13 16:37:00,20260320,"38C","plate2_high",NA,NA,NA,NA,NA,NA,NA,NA
"1157","A","5",1364,"Resaz_plate2_high_T3_260320_1637","T3","2","A5",2026-07-13 16:37:00,20260320,"38C","plate2_high",NA,NA,NA,NA,NA,NA,NA,NA
"1158","A","6",1390,"Resaz_plate2_high_T3_260320_1637","T3","2","A6",2026-07-13 16:37:00,20260320,"38C","plate2_high",NA,NA,NA,NA,NA,NA,NA,NA
"1159","A","7",1565,"Resaz_plate2_high_T3_260320_1637","T3","2","A7",2026-07-13 16:37:00,20260320,"38C","plate2_high",NA,NA,NA,NA,NA,NA,NA,NA
"1160","A","8",1171,"Resaz_plate2_high_T3_260320_1637","T3","2","A8",2026-07-13 16:37:00,20260320,"38C","plate2_high",NA,NA,NA,NA,NA,NA,NA,NA
"1161","A","9",1135,"Resaz_plate2_high_T3_260320_1637","T3","2","A9",2026-07-13 16:37:00,20260320,"38C","plate2_high",NA,NA,NA,NA,NA,NA,NA,NA
"1162","A","10",1487,"Resaz_plate2_high_T3_260320_1637","T3","2","A10",2026-07-13 16:37:00,20260320,"38C","plate2_high",NA,NA,NA,NA,NA,NA,NA,NA
"1163","A","11",1435,"Resaz_plate2_high_T3_260320_1637","T3","2","A11",2026-07-13 16:37:00,20260320,"38C","plate2_high",NA,NA,NA,NA,NA,NA,NA,NA
"1164","A","12",1567,"Resaz_plate2_high_T3_260320_1637","T3","2","A12",2026-07-13 16:37:00,20260320,"38C","plate2_high",NA,NA,NA,NA,NA,NA,NA,NA
"1165","B","1",1046,"Resaz_plate2_high_T3_260320_1637","T3","2","B1",2026-07-13 16:37:00,20260320,"38C","plate2_high",NA,NA,NA,NA,NA,NA,NA,NA
"1166","B","2",1043,"Resaz_plate2_high_T3_260320_1637","T3","2","B2",2026-07-13 16:37:00,20260320,"38C","plate2_high",NA,NA,NA,NA,NA,NA,NA,NA
"1167","B","3",1162,"Resaz_plate2_high_T3_260320_1637","T3","2","B3",2026-07-13 16:37:00,20260320,"38C","plate2_high",NA,NA,NA,NA,NA,NA,NA,NA
"1168","B","4",1062,"Resaz_plate2_high_T3_260320_1637","T3","2","B4",2026-07-13 16:37:00,20260320,"38C","plate2_high",NA,NA,NA,NA,NA,NA,NA,NA
"1169","B","5",1377,"Resaz_plate2_high_T3_260320_1637","T3","2","B5",2026-07-13 16:37:00,20260320,"38C","plate2_high",NA,NA,NA,NA,NA,NA,NA,NA
"1170","B","6",1143,"Resaz_plate2_high_T3_260320_1637","T3","2","B6",2026-07-13 16:37:00,20260320,"38C","plate2_high",NA,NA,NA,NA,NA,NA,NA,NA
"1171","B","7",1363,"Resaz_plate2_high_T3_260320_1637","T3","2","B7",2026-07-13 16:37:00,20260320,"38C","plate2_high",NA,NA,NA,NA,NA,NA,NA,NA
"1172","B","8",1088,"Resaz_plate2_high_T3_260320_1637","T3","2","B8",2026-07-13 16:37:00,20260320,"38C","plate2_high",NA,NA,NA,NA,NA,NA,NA,NA
"1173","B","9",1233,"Resaz_plate2_high_T3_260320_1637","T3","2","B9",2026-07-13 16:37:00,20260320,"38C","plate2_high",NA,NA,NA,NA,NA,NA,NA,NA
"1174","B","10",1354,"Resaz_plate2_high_T3_260320_1637","T3","2","B10",2026-07-13 16:37:00,20260320,"38C","plate2_high",NA,NA,NA,NA,NA,NA,NA,NA
"1175","B","11",1331,"Resaz_plate2_high_T3_260320_1637","T3","2","B11",2026-07-13 16:37:00,20260320,"38C","plate2_high",NA,NA,NA,NA,NA,NA,NA,NA
"1176","B","12",1461,"Resaz_plate2_high_T3_260320_1637","T3","2","B12",2026-07-13 16:37:00,20260320,"38C","plate2_high",NA,NA,NA,NA,NA,NA,NA,NA
"1177","C","1",1082,"Resaz_plate2_high_T3_260320_1637","T3","2","C1",2026-07-13 16:37:00,20260320,"38C","plate2_high",NA,NA,NA,NA,NA,NA,NA,NA
"1178","C","2",1048,"Resaz_plate2_high_T3_260320_1637","T3","2","C2",2026-07-13 16:37:00,20260320,"38C","plate2_high",NA,NA,NA,NA,NA,NA,NA,NA
"1179","C","3",1361,"Resaz_plate2_high_T3_260320_1637","T3","2","C3",2026-07-13 16:37:00,20260320,"38C","plate2_high",NA,NA,NA,NA,NA,NA,NA,NA
"1180","C","4",1039,"Resaz_plate2_high_T3_260320_1637","T3","2","C4",2026-07-13 16:37:00,20260320,"38C","plate2_high",NA,NA,NA,NA,NA,NA,NA,NA
"1181","C","5",1151,"Resaz_plate2_high_T3_260320_1637","T3","2","C5",2026-07-13 16:37:00,20260320,"38C","plate2_high",NA,NA,NA,NA,NA,NA,NA,NA
"1182","C","6",1134,"Resaz_plate2_high_T3_260320_1637","T3","2","C6",2026-07-13 16:37:00,20260320,"38C","plate2_high",NA,NA,NA,NA,NA,NA,NA,NA
"1183","C","7",1393,"Resaz_plate2_high_T3_260320_1637","T3","2","C7",2026-07-13 16:37:00,20260320,"38C","plate2_high",NA,NA,NA,NA,NA,NA,NA,NA
"1184","C","8",1094,"Resaz_plate2_high_T3_260320_1637","T3","2","C8",2026-07-13 16:37:00,20260320,"38C","plate2_high",NA,NA,NA,NA,NA,NA,NA,NA
"1185","C","9",1221,"Resaz_plate2_high_T3_260320_1637","T3","2","C9",2026-07-13 16:37:00,20260320,"38C","plate2_high",NA,NA,NA,NA,NA,NA,NA,NA
"1186","C","10",1426,"Resaz_plate2_high_T3_260320_1637","T3","2","C10",2026-07-13 16:37:00,20260320,"38C","plate2_high",NA,NA,NA,NA,NA,NA,NA,NA
"1187","C","11",1485,"Resaz_plate2_high_T3_260320_1637","T3","2","C11",2026-07-13 16:37:00,20260320,"38C","plate2_high",NA,NA,NA,NA,NA,NA,NA,NA
"1188","C","12",1950,"Resaz_plate2_high_T3_260320_1637","T3","2","C12",2026-07-13 16:37:00,20260320,"38C","plate2_high",NA,NA,NA,NA,NA,NA,NA,NA
"1189","D","1",1218,"Resaz_plate2_high_T3_260320_1637","T3","2","D1",2026-07-13 16:37:00,20260320,"38C","plate2_high",NA,NA,NA,NA,NA,NA,NA,NA
"1190","D","2",1112,"Resaz_plate2_high_T3_260320_1637","T3","2","D2",2026-07-13 16:37:00,20260320,"38C","plate2_high",NA,NA,NA,NA,NA,NA,NA,NA
"1191","D","3",1201,"Resaz_plate2_high_T3_260320_1637","T3","2","D3",2026-07-13 16:37:00,20260320,"38C","plate2_high",NA,NA,NA,NA,NA,NA,NA,NA
"1192","D","4",1175,"Resaz_plate2_high_T3_260320_1637","T3","2","D4",2026-07-13 16:37:00,20260320,"38C","plate2_high",NA,NA,NA,NA,NA,NA,NA,NA
"1193","D","5",1234,"Resaz_plate2_high_T3_260320_1637","T3","2","D5",2026-07-13 16:37:00,20260320,"38C","plate2_high",NA,NA,NA,NA,NA,NA,NA,NA
"1194","D","6",1576,"Resaz_plate2_high_T3_260320_1637","T3","2","D6",2026-07-13 16:37:00,20260320,"38C","plate2_high",NA,NA,NA,NA,NA,NA,NA,NA
"1195","D","7",2094,"Resaz_plate2_high_T3_260320_1637","T3","2","D7",2026-07-13 16:37:00,20260320,"38C","plate2_high",NA,NA,NA,NA,NA,NA,NA,NA
"1196","D","8",1672,"Resaz_plate2_high_T3_260320_1637","T3","2","D8",2026-07-13 16:37:00,20260320,"38C","plate2_high",NA,NA,NA,NA,NA,NA,NA,NA
"1197","D","9",1338,"Resaz_plate2_high_T3_260320_1637","T3","2","D9",2026-07-13 16:37:00,20260320,"38C","plate2_high",NA,NA,NA,NA,NA,NA,NA,NA
"1198","D","10",1414,"Resaz_plate2_high_T3_260320_1637","T3","2","D10",2026-07-13 16:37:00,20260320,"38C","plate2_high",NA,NA,NA,NA,NA,NA,NA,NA
"1199","D","11",1497,"Resaz_plate2_high_T3_260320_1637","T3","2","D11",2026-07-13 16:37:00,20260320,"38C","plate2_high",NA,NA,NA,NA,NA,NA,NA,NA
"1200","D","12",3401,"Resaz_plate2_high_T3_260320_1637","T3","2","D12",2026-07-13 16:37:00,20260320,"38C","plate2_high",NA,NA,NA,NA,NA,NA,NA,NA
"1201","E","1",1333,"Resaz_plate2_high_T3_260320_1637","T3","2","E1",2026-07-13 16:37:00,20260320,"38C","plate2_high",NA,NA,NA,NA,NA,NA,NA,NA
"1202","E","2",1129,"Resaz_plate2_high_T3_260320_1637","T3","2","E2",2026-07-13 16:37:00,20260320,"38C","plate2_high",NA,NA,NA,NA,NA,NA,NA,NA
"1203","E","3",1437,"Resaz_plate2_high_T3_260320_1637","T3","2","E3",2026-07-13 16:37:00,20260320,"38C","plate2_high",NA,NA,NA,NA,NA,NA,NA,NA
"1204","E","4",3564,"Resaz_plate2_high_T3_260320_1637","T3","2","E4",2026-07-13 16:37:00,20260320,"38C","plate2_high",NA,NA,NA,NA,NA,NA,NA,NA
"1205","E","5",1335,"Resaz_plate2_high_T3_260320_1637","T3","2","E5",2026-07-13 16:37:00,20260320,"38C","plate2_high",NA,NA,NA,NA,NA,NA,NA,NA
"1206","E","6",1263,"Resaz_plate2_high_T3_260320_1637","T3","2","E6",2026-07-13 16:37:00,20260320,"38C","plate2_high",NA,NA,NA,NA,NA,NA,NA,NA
"1207","E","7",1468,"Resaz_plate2_high_T3_260320_1637","T3","2","E7",2026-07-13 16:37:00,20260320,"38C","plate2_high",NA,NA,NA,NA,NA,NA,NA,NA
"1208","E","8",1223,"Resaz_plate2_high_T3_260320_1637","T3","2","E8",2026-07-13 16:37:00,20260320,"38C","plate2_high",NA,NA,NA,NA,NA,NA,NA,NA
"1209","E","9",3613,"Resaz_plate2_high_T3_260320_1637","T3","2","E9",2026-07-13 16:37:00,20260320,"38C","plate2_high",NA,NA,NA,NA,NA,NA,NA,NA
"1210","E","10",1527,"Resaz_plate2_high_T3_260320_1637","T3","2","E10",2026-07-13 16:37:00,20260320,"38C","plate2_high",NA,NA,NA,NA,NA,NA,NA,NA
"1211","E","11",1537,"Resaz_plate2_high_T3_260320_1637","T3","2","E11",2026-07-13 16:37:00,20260320,"38C","plate2_high",NA,NA,NA,NA,NA,NA,NA,NA
"1212","E","12",3371,"Resaz_plate2_high_T3_260320_1637","T3","2","E12",2026-07-13 16:37:00,20260320,"38C","plate2_high",NA,NA,NA,NA,NA,NA,NA,NA
"1213","F","1",1188,"Resaz_plate2_high_T3_260320_1637","T3","2","F1",2026-07-13 16:37:00,20260320,"38C","plate2_high",NA,NA,NA,NA,NA,NA,NA,NA
"1214","F","2",1290,"Resaz_plate2_high_T3_260320_1637","T3","2","F2",2026-07-13 16:37:00,20260320,"38C","plate2_high",NA,NA,NA,NA,NA,NA,NA,NA
"1215","F","3",1103,"Resaz_plate2_high_T3_260320_1637","T3","2","F3",2026-07-13 16:37:00,20260320,"38C","plate2_high",NA,NA,NA,NA,NA,NA,NA,NA
"1216","F","4",1140,"Resaz_plate2_high_T3_260320_1637","T3","2","F4",2026-07-13 16:37:00,20260320,"38C","plate2_high",NA,NA,NA,NA,NA,NA,NA,NA
"1217","F","5",3597,"Resaz_plate2_high_T3_260320_1637","T3","2","F5",2026-07-13 16:37:00,20260320,"38C","plate2_high",NA,NA,NA,NA,NA,NA,NA,NA
"1218","F","6",1173,"Resaz_plate2_high_T3_260320_1637","T3","2","F6",2026-07-13 16:37:00,20260320,"38C","plate2_high",NA,NA,NA,NA,NA,NA,NA,NA
"1219","F","7",1238,"Resaz_plate2_high_T3_260320_1637","T3","2","F7",2026-07-13 16:37:00,20260320,"38C","plate2_high",NA,NA,NA,NA,NA,NA,NA,NA
"1220","F","8",1119,"Resaz_plate2_high_T3_260320_1637","T3","2","F8",2026-07-13 16:37:00,20260320,"38C","plate2_high",NA,NA,NA,NA,NA,NA,NA,NA
"1221","F","9",3608,"Resaz_plate2_high_T3_260320_1637","T3","2","F9",2026-07-13 16:37:00,20260320,"38C","plate2_high",NA,NA,NA,NA,NA,NA,NA,NA
"1222","F","10",1444,"Resaz_plate2_high_T3_260320_1637","T3","2","F10",2026-07-13 16:37:00,20260320,"38C","plate2_high",NA,NA,NA,NA,NA,NA,NA,NA
"1223","F","11",1451,"Resaz_plate2_high_T3_260320_1637","T3","2","F11",2026-07-13 16:37:00,20260320,"38C","plate2_high",NA,NA,NA,NA,NA,NA,NA,NA
"1224","F","12",3390,"Resaz_plate2_high_T3_260320_1637","T3","2","F12",2026-07-13 16:37:00,20260320,"38C","plate2_high",NA,NA,NA,NA,NA,NA,NA,NA
"1225","G","1",956,"Resaz_plate2_high_T3_260320_1637","T3","2","G1",2026-07-13 16:37:00,20260320,"38C","plate2_high",NA,NA,NA,NA,NA,NA,NA,NA
"1226","G","2",972,"Resaz_plate2_high_T3_260320_1637","T3","2","G2",2026-07-13 16:37:00,20260320,"38C","plate2_high",NA,NA,NA,NA,NA,NA,NA,NA
"1227","G","3",1006,"Resaz_plate2_high_T3_260320_1637","T3","2","G3",2026-07-13 16:37:00,20260320,"38C","plate2_high",NA,NA,NA,NA,NA,NA,NA,NA
"1228","G","4",3551,"Resaz_plate2_high_T3_260320_1637","T3","2","G4",2026-07-13 16:37:00,20260320,"38C","plate2_high",NA,NA,NA,NA,NA,NA,NA,NA
"1229","G","5",3595,"Resaz_plate2_high_T3_260320_1637","T3","2","G5",2026-07-13 16:37:00,20260320,"38C","plate2_high",NA,NA,NA,NA,NA,NA,NA,NA
"1230","G","6",1135,"Resaz_plate2_high_T3_260320_1637","T3","2","G6",2026-07-13 16:37:00,20260320,"38C","plate2_high",NA,NA,NA,NA,NA,NA,NA,NA
"1231","G","7",1231,"Resaz_plate2_high_T3_260320_1637","T3","2","G7",2026-07-13 16:37:00,20260320,"38C","plate2_high",NA,NA,NA,NA,NA,NA,NA,NA
"1232","G","8",1105,"Resaz_plate2_high_T3_260320_1637","T3","2","G8",2026-07-13 16:37:00,20260320,"38C","plate2_high",NA,NA,NA,NA,NA,NA,NA,NA
"1233","G","9",1265,"Resaz_plate2_high_T3_260320_1637","T3","2","G9",2026-07-13 16:37:00,20260320,"38C","plate2_high",NA,NA,NA,NA,NA,NA,NA,NA
"1234","G","10",3587,"Resaz_plate2_high_T3_260320_1637","T3","2","G10",2026-07-13 16:37:00,20260320,"38C","plate2_high",NA,NA,NA,NA,NA,NA,NA,NA
"1235","G","11",3615,"Resaz_plate2_high_T3_260320_1637","T3","2","G11",2026-07-13 16:37:00,20260320,"38C","plate2_high",NA,NA,NA,NA,NA,NA,NA,NA
"1236","G","12",1693,"Resaz_plate2_high_T3_260320_1637","T3","2","G12",2026-07-13 16:37:00,20260320,"38C","plate2_high",NA,NA,NA,NA,NA,NA,NA,NA
"1237","H","1",932,"Resaz_plate2_high_T3_260320_1637","T3","2","H1",2026-07-13 16:37:00,20260320,"38C","plate2_high",NA,NA,NA,NA,NA,NA,NA,NA
"1238","H","2",1019,"Resaz_plate2_high_T3_260320_1637","T3","2","H2",2026-07-13 16:37:00,20260320,"38C","plate2_high",NA,NA,NA,NA,NA,NA,NA,NA
"1239","H","3",1062,"Resaz_plate2_high_T3_260320_1637","T3","2","H3",2026-07-13 16:37:00,20260320,"38C","plate2_high",NA,NA,NA,NA,NA,NA,NA,NA
"1240","H","4",1095,"Resaz_plate2_high_T3_260320_1637","T3","2","H4",2026-07-13 16:37:00,20260320,"38C","plate2_high",NA,NA,NA,NA,NA,NA,NA,NA
"1241","H","5",1144,"Resaz_plate2_high_T3_260320_1637","T3","2","H5",2026-07-13 16:37:00,20260320,"38C","plate2_high",NA,NA,NA,NA,NA,NA,NA,NA
"1242","H","6",1127,"Resaz_plate2_high_T3_260320_1637","T3","2","H6",2026-07-13 16:37:00,20260320,"38C","plate2_high",NA,NA,NA,NA,NA,NA,NA,NA
"1243","H","7",1075,"Resaz_plate2_high_T3_260320_1637","T3","2","H7",2026-07-13 16:37:00,20260320,"38C","plate2_high",NA,NA,NA,NA,NA,NA,NA,NA
"1244","H","8",1158,"Resaz_plate2_high_T3_260320_1637","T3","2","H8",2026-07-13 16:37:00,20260320,"38C","plate2_high",NA,NA,NA,NA,NA,NA,NA,NA
"1245","H","9",1240,"Resaz_plate2_high_T3_260320_1637","T3","2","H9",2026-07-13 16:37:00,20260320,"38C","plate2_high",NA,NA,NA,NA,NA,NA,NA,NA
"1246","H","10",1188,"Resaz_plate2_high_T3_260320_1637","T3","2","H10",2026-07-13 16:37:00,20260320,"38C","plate2_high",NA,NA,NA,NA,NA,NA,NA,NA
"1247","H","11",1268,"Resaz_plate2_high_T3_260320_1637","T3","2","H11",2026-07-13 16:37:00,20260320,"38C","plate2_high",NA,NA,NA,NA,NA,NA,NA,NA
"1248","H","12",1605,"Resaz_plate2_high_T3_260320_1637","T3","2","H12",2026-07-13 16:37:00,20260320,"38C","plate2_high",NA,NA,NA,NA,NA,NA,NA,NA
"1249","A","1",1291,"Resaz_plate2_high_T4_260320_1743","T4","2","A1",2026-07-13 17:43:00,20260320,"38C","plate2_high",NA,NA,NA,NA,NA,NA,NA,NA
"1250","A","2",1047,"Resaz_plate2_high_T4_260320_1743","T4","2","A2",2026-07-13 17:43:00,20260320,"38C","plate2_high",NA,NA,NA,NA,NA,NA,NA,NA
"1251","A","3",1190,"Resaz_plate2_high_T4_260320_1743","T4","2","A3",2026-07-13 17:43:00,20260320,"38C","plate2_high",NA,NA,NA,NA,NA,NA,NA,NA
"1252","A","4",1119,"Resaz_plate2_high_T4_260320_1743","T4","2","A4",2026-07-13 17:43:00,20260320,"38C","plate2_high",NA,NA,NA,NA,NA,NA,NA,NA
"1253","A","5",1408,"Resaz_plate2_high_T4_260320_1743","T4","2","A5",2026-07-13 17:43:00,20260320,"38C","plate2_high",NA,NA,NA,NA,NA,NA,NA,NA
"1254","A","6",1444,"Resaz_plate2_high_T4_260320_1743","T4","2","A6",2026-07-13 17:43:00,20260320,"38C","plate2_high",NA,NA,NA,NA,NA,NA,NA,NA
"1255","A","7",1659,"Resaz_plate2_high_T4_260320_1743","T4","2","A7",2026-07-13 17:43:00,20260320,"38C","plate2_high",NA,NA,NA,NA,NA,NA,NA,NA
"1256","A","8",1219,"Resaz_plate2_high_T4_260320_1743","T4","2","A8",2026-07-13 17:43:00,20260320,"38C","plate2_high",NA,NA,NA,NA,NA,NA,NA,NA
"1257","A","9",1179,"Resaz_plate2_high_T4_260320_1743","T4","2","A9",2026-07-13 17:43:00,20260320,"38C","plate2_high",NA,NA,NA,NA,NA,NA,NA,NA
"1258","A","10",1560,"Resaz_plate2_high_T4_260320_1743","T4","2","A10",2026-07-13 17:43:00,20260320,"38C","plate2_high",NA,NA,NA,NA,NA,NA,NA,NA
"1259","A","11",1506,"Resaz_plate2_high_T4_260320_1743","T4","2","A11",2026-07-13 17:43:00,20260320,"38C","plate2_high",NA,NA,NA,NA,NA,NA,NA,NA
"1260","A","12",1672,"Resaz_plate2_high_T4_260320_1743","T4","2","A12",2026-07-13 17:43:00,20260320,"38C","plate2_high",NA,NA,NA,NA,NA,NA,NA,NA
"1261","B","1",1077,"Resaz_plate2_high_T4_260320_1743","T4","2","B1",2026-07-13 17:43:00,20260320,"38C","plate2_high",NA,NA,NA,NA,NA,NA,NA,NA
"1262","B","2",1070,"Resaz_plate2_high_T4_260320_1743","T4","2","B2",2026-07-13 17:43:00,20260320,"38C","plate2_high",NA,NA,NA,NA,NA,NA,NA,NA
"1263","B","3",1206,"Resaz_plate2_high_T4_260320_1743","T4","2","B3",2026-07-13 17:43:00,20260320,"38C","plate2_high",NA,NA,NA,NA,NA,NA,NA,NA
"1264","B","4",1089,"Resaz_plate2_high_T4_260320_1743","T4","2","B4",2026-07-13 17:43:00,20260320,"38C","plate2_high",NA,NA,NA,NA,NA,NA,NA,NA
"1265","B","5",1420,"Resaz_plate2_high_T4_260320_1743","T4","2","B5",2026-07-13 17:43:00,20260320,"38C","plate2_high",NA,NA,NA,NA,NA,NA,NA,NA
"1266","B","6",1182,"Resaz_plate2_high_T4_260320_1743","T4","2","B6",2026-07-13 17:43:00,20260320,"38C","plate2_high",NA,NA,NA,NA,NA,NA,NA,NA
"1267","B","7",1443,"Resaz_plate2_high_T4_260320_1743","T4","2","B7",2026-07-13 17:43:00,20260320,"38C","plate2_high",NA,NA,NA,NA,NA,NA,NA,NA
"1268","B","8",1130,"Resaz_plate2_high_T4_260320_1743","T4","2","B8",2026-07-13 17:43:00,20260320,"38C","plate2_high",NA,NA,NA,NA,NA,NA,NA,NA
"1269","B","9",1273,"Resaz_plate2_high_T4_260320_1743","T4","2","B9",2026-07-13 17:43:00,20260320,"38C","plate2_high",NA,NA,NA,NA,NA,NA,NA,NA
"1270","B","10",1432,"Resaz_plate2_high_T4_260320_1743","T4","2","B10",2026-07-13 17:43:00,20260320,"38C","plate2_high",NA,NA,NA,NA,NA,NA,NA,NA
"1271","B","11",1421,"Resaz_plate2_high_T4_260320_1743","T4","2","B11",2026-07-13 17:43:00,20260320,"38C","plate2_high",NA,NA,NA,NA,NA,NA,NA,NA
"1272","B","12",1619,"Resaz_plate2_high_T4_260320_1743","T4","2","B12",2026-07-13 17:43:00,20260320,"38C","plate2_high",NA,NA,NA,NA,NA,NA,NA,NA
"1273","C","1",1122,"Resaz_plate2_high_T4_260320_1743","T4","2","C1",2026-07-13 17:43:00,20260320,"38C","plate2_high",NA,NA,NA,NA,NA,NA,NA,NA
"1274","C","2",1083,"Resaz_plate2_high_T4_260320_1743","T4","2","C2",2026-07-13 17:43:00,20260320,"38C","plate2_high",NA,NA,NA,NA,NA,NA,NA,NA
"1275","C","3",1451,"Resaz_plate2_high_T4_260320_1743","T4","2","C3",2026-07-13 17:43:00,20260320,"38C","plate2_high",NA,NA,NA,NA,NA,NA,NA,NA
"1276","C","4",1074,"Resaz_plate2_high_T4_260320_1743","T4","2","C4",2026-07-13 17:43:00,20260320,"38C","plate2_high",NA,NA,NA,NA,NA,NA,NA,NA
"1277","C","5",1191,"Resaz_plate2_high_T4_260320_1743","T4","2","C5",2026-07-13 17:43:00,20260320,"38C","plate2_high",NA,NA,NA,NA,NA,NA,NA,NA
"1278","C","6",1183,"Resaz_plate2_high_T4_260320_1743","T4","2","C6",2026-07-13 17:43:00,20260320,"38C","plate2_high",NA,NA,NA,NA,NA,NA,NA,NA
"1279","C","7",1498,"Resaz_plate2_high_T4_260320_1743","T4","2","C7",2026-07-13 17:43:00,20260320,"38C","plate2_high",NA,NA,NA,NA,NA,NA,NA,NA
"1280","C","8",1135,"Resaz_plate2_high_T4_260320_1743","T4","2","C8",2026-07-13 17:43:00,20260320,"38C","plate2_high",NA,NA,NA,NA,NA,NA,NA,NA
"1281","C","9",1278,"Resaz_plate2_high_T4_260320_1743","T4","2","C9",2026-07-13 17:43:00,20260320,"38C","plate2_high",NA,NA,NA,NA,NA,NA,NA,NA
"1282","C","10",1520,"Resaz_plate2_high_T4_260320_1743","T4","2","C10",2026-07-13 17:43:00,20260320,"38C","plate2_high",NA,NA,NA,NA,NA,NA,NA,NA
"1283","C","11",1607,"Resaz_plate2_high_T4_260320_1743","T4","2","C11",2026-07-13 17:43:00,20260320,"38C","plate2_high",NA,NA,NA,NA,NA,NA,NA,NA
"1284","C","12",2207,"Resaz_plate2_high_T4_260320_1743","T4","2","C12",2026-07-13 17:43:00,20260320,"38C","plate2_high",NA,NA,NA,NA,NA,NA,NA,NA
"1285","D","1",1265,"Resaz_plate2_high_T4_260320_1743","T4","2","D1",2026-07-13 17:43:00,20260320,"38C","plate2_high",NA,NA,NA,NA,NA,NA,NA,NA
"1286","D","2",1144,"Resaz_plate2_high_T4_260320_1743","T4","2","D2",2026-07-13 17:43:00,20260320,"38C","plate2_high",NA,NA,NA,NA,NA,NA,NA,NA
"1287","D","3",1250,"Resaz_plate2_high_T4_260320_1743","T4","2","D3",2026-07-13 17:43:00,20260320,"38C","plate2_high",NA,NA,NA,NA,NA,NA,NA,NA
"1288","D","4",1211,"Resaz_plate2_high_T4_260320_1743","T4","2","D4",2026-07-13 17:43:00,20260320,"38C","plate2_high",NA,NA,NA,NA,NA,NA,NA,NA
"1289","D","5",1282,"Resaz_plate2_high_T4_260320_1743","T4","2","D5",2026-07-13 17:43:00,20260320,"38C","plate2_high",NA,NA,NA,NA,NA,NA,NA,NA
"1290","D","6",1636,"Resaz_plate2_high_T4_260320_1743","T4","2","D6",2026-07-13 17:43:00,20260320,"38C","plate2_high",NA,NA,NA,NA,NA,NA,NA,NA
"1291","D","7",2229,"Resaz_plate2_high_T4_260320_1743","T4","2","D7",2026-07-13 17:43:00,20260320,"38C","plate2_high",NA,NA,NA,NA,NA,NA,NA,NA
"1292","D","8",1751,"Resaz_plate2_high_T4_260320_1743","T4","2","D8",2026-07-13 17:43:00,20260320,"38C","plate2_high",NA,NA,NA,NA,NA,NA,NA,NA
"1293","D","9",1403,"Resaz_plate2_high_T4_260320_1743","T4","2","D9",2026-07-13 17:43:00,20260320,"38C","plate2_high",NA,NA,NA,NA,NA,NA,NA,NA
"1294","D","10",1510,"Resaz_plate2_high_T4_260320_1743","T4","2","D10",2026-07-13 17:43:00,20260320,"38C","plate2_high",NA,NA,NA,NA,NA,NA,NA,NA
"1295","D","11",1641,"Resaz_plate2_high_T4_260320_1743","T4","2","D11",2026-07-13 17:43:00,20260320,"38C","plate2_high",NA,NA,NA,NA,NA,NA,NA,NA
"1296","D","12",3304,"Resaz_plate2_high_T4_260320_1743","T4","2","D12",2026-07-13 17:43:00,20260320,"38C","plate2_high",NA,NA,NA,NA,NA,NA,NA,NA
"1297","E","1",1406,"Resaz_plate2_high_T4_260320_1743","T4","2","E1",2026-07-13 17:43:00,20260320,"38C","plate2_high",NA,NA,NA,NA,NA,NA,NA,NA
"1298","E","2",1164,"Resaz_plate2_high_T4_260320_1743","T4","2","E2",2026-07-13 17:43:00,20260320,"38C","plate2_high",NA,NA,NA,NA,NA,NA,NA,NA
"1299","E","3",1525,"Resaz_plate2_high_T4_260320_1743","T4","2","E3",2026-07-13 17:43:00,20260320,"38C","plate2_high",NA,NA,NA,NA,NA,NA,NA,NA
"1300","E","4",3593,"Resaz_plate2_high_T4_260320_1743","T4","2","E4",2026-07-13 17:43:00,20260320,"38C","plate2_high",NA,NA,NA,NA,NA,NA,NA,NA
"1301","E","5",1404,"Resaz_plate2_high_T4_260320_1743","T4","2","E5",2026-07-13 17:43:00,20260320,"38C","plate2_high",NA,NA,NA,NA,NA,NA,NA,NA
"1302","E","6",1322,"Resaz_plate2_high_T4_260320_1743","T4","2","E6",2026-07-13 17:43:00,20260320,"38C","plate2_high",NA,NA,NA,NA,NA,NA,NA,NA
"1303","E","7",1570,"Resaz_plate2_high_T4_260320_1743","T4","2","E7",2026-07-13 17:43:00,20260320,"38C","plate2_high",NA,NA,NA,NA,NA,NA,NA,NA
"1304","E","8",1277,"Resaz_plate2_high_T4_260320_1743","T4","2","E8",2026-07-13 17:43:00,20260320,"38C","plate2_high",NA,NA,NA,NA,NA,NA,NA,NA
"1305","E","9",3639,"Resaz_plate2_high_T4_260320_1743","T4","2","E9",2026-07-13 17:43:00,20260320,"38C","plate2_high",NA,NA,NA,NA,NA,NA,NA,NA
"1306","E","10",1636,"Resaz_plate2_high_T4_260320_1743","T4","2","E10",2026-07-13 17:43:00,20260320,"38C","plate2_high",NA,NA,NA,NA,NA,NA,NA,NA
"1307","E","11",1700,"Resaz_plate2_high_T4_260320_1743","T4","2","E11",2026-07-13 17:43:00,20260320,"38C","plate2_high",NA,NA,NA,NA,NA,NA,NA,NA
"1308","E","12",3264,"Resaz_plate2_high_T4_260320_1743","T4","2","E12",2026-07-13 17:43:00,20260320,"38C","plate2_high",NA,NA,NA,NA,NA,NA,NA,NA
"1309","F","1",1224,"Resaz_plate2_high_T4_260320_1743","T4","2","F1",2026-07-13 17:43:00,20260320,"38C","plate2_high",NA,NA,NA,NA,NA,NA,NA,NA
"1310","F","2",1322,"Resaz_plate2_high_T4_260320_1743","T4","2","F2",2026-07-13 17:43:00,20260320,"38C","plate2_high",NA,NA,NA,NA,NA,NA,NA,NA
"1311","F","3",1162,"Resaz_plate2_high_T4_260320_1743","T4","2","F3",2026-07-13 17:43:00,20260320,"38C","plate2_high",NA,NA,NA,NA,NA,NA,NA,NA
"1312","F","4",1199,"Resaz_plate2_high_T4_260320_1743","T4","2","F4",2026-07-13 17:43:00,20260320,"38C","plate2_high",NA,NA,NA,NA,NA,NA,NA,NA
"1313","F","5",3620,"Resaz_plate2_high_T4_260320_1743","T4","2","F5",2026-07-13 17:43:00,20260320,"38C","plate2_high",NA,NA,NA,NA,NA,NA,NA,NA
"1314","F","6",1239,"Resaz_plate2_high_T4_260320_1743","T4","2","F6",2026-07-13 17:43:00,20260320,"38C","plate2_high",NA,NA,NA,NA,NA,NA,NA,NA
"1315","F","7",1334,"Resaz_plate2_high_T4_260320_1743","T4","2","F7",2026-07-13 17:43:00,20260320,"38C","plate2_high",NA,NA,NA,NA,NA,NA,NA,NA
"1316","F","8",1177,"Resaz_plate2_high_T4_260320_1743","T4","2","F8",2026-07-13 17:43:00,20260320,"38C","plate2_high",NA,NA,NA,NA,NA,NA,NA,NA
"1317","F","9",3629,"Resaz_plate2_high_T4_260320_1743","T4","2","F9",2026-07-13 17:43:00,20260320,"38C","plate2_high",NA,NA,NA,NA,NA,NA,NA,NA
"1318","F","10",1546,"Resaz_plate2_high_T4_260320_1743","T4","2","F10",2026-07-13 17:43:00,20260320,"38C","plate2_high",NA,NA,NA,NA,NA,NA,NA,NA
"1319","F","11",1589,"Resaz_plate2_high_T4_260320_1743","T4","2","F11",2026-07-13 17:43:00,20260320,"38C","plate2_high",NA,NA,NA,NA,NA,NA,NA,NA
"1320","F","12",3273,"Resaz_plate2_high_T4_260320_1743","T4","2","F12",2026-07-13 17:43:00,20260320,"38C","plate2_high",NA,NA,NA,NA,NA,NA,NA,NA
"1321","G","1",987,"Resaz_plate2_high_T4_260320_1743","T4","2","G1",2026-07-13 17:43:00,20260320,"38C","plate2_high",NA,NA,NA,NA,NA,NA,NA,NA
"1322","G","2",1001,"Resaz_plate2_high_T4_260320_1743","T4","2","G2",2026-07-13 17:43:00,20260320,"38C","plate2_high",NA,NA,NA,NA,NA,NA,NA,NA
"1323","G","3",1049,"Resaz_plate2_high_T4_260320_1743","T4","2","G3",2026-07-13 17:43:00,20260320,"38C","plate2_high",NA,NA,NA,NA,NA,NA,NA,NA
"1324","G","4",3589,"Resaz_plate2_high_T4_260320_1743","T4","2","G4",2026-07-13 17:43:00,20260320,"38C","plate2_high",NA,NA,NA,NA,NA,NA,NA,NA
"1325","G","5",3623,"Resaz_plate2_high_T4_260320_1743","T4","2","G5",2026-07-13 17:43:00,20260320,"38C","plate2_high",NA,NA,NA,NA,NA,NA,NA,NA
"1326","G","6",1233,"Resaz_plate2_high_T4_260320_1743","T4","2","G6",2026-07-13 17:43:00,20260320,"38C","plate2_high",NA,NA,NA,NA,NA,NA,NA,NA
"1327","G","7",1352,"Resaz_plate2_high_T4_260320_1743","T4","2","G7",2026-07-13 17:43:00,20260320,"38C","plate2_high",NA,NA,NA,NA,NA,NA,NA,NA
"1328","G","8",1182,"Resaz_plate2_high_T4_260320_1743","T4","2","G8",2026-07-13 17:43:00,20260320,"38C","plate2_high",NA,NA,NA,NA,NA,NA,NA,NA
"1329","G","9",1351,"Resaz_plate2_high_T4_260320_1743","T4","2","G9",2026-07-13 17:43:00,20260320,"38C","plate2_high",NA,NA,NA,NA,NA,NA,NA,NA
"1330","G","10",3601,"Resaz_plate2_high_T4_260320_1743","T4","2","G10",2026-07-13 17:43:00,20260320,"38C","plate2_high",NA,NA,NA,NA,NA,NA,NA,NA
"1331","G","11",3626,"Resaz_plate2_high_T4_260320_1743","T4","2","G11",2026-07-13 17:43:00,20260320,"38C","plate2_high",NA,NA,NA,NA,NA,NA,NA,NA
"1332","G","12",1875,"Resaz_plate2_high_T4_260320_1743","T4","2","G12",2026-07-13 17:43:00,20260320,"38C","plate2_high",NA,NA,NA,NA,NA,NA,NA,NA
"1333","H","1",981,"Resaz_plate2_high_T4_260320_1743","T4","2","H1",2026-07-13 17:43:00,20260320,"38C","plate2_high",NA,NA,NA,NA,NA,NA,NA,NA
"1334","H","2",1089,"Resaz_plate2_high_T4_260320_1743","T4","2","H2",2026-07-13 17:43:00,20260320,"38C","plate2_high",NA,NA,NA,NA,NA,NA,NA,NA
"1335","H","3",1157,"Resaz_plate2_high_T4_260320_1743","T4","2","H3",2026-07-13 17:43:00,20260320,"38C","plate2_high",NA,NA,NA,NA,NA,NA,NA,NA
"1336","H","4",1215,"Resaz_plate2_high_T4_260320_1743","T4","2","H4",2026-07-13 17:43:00,20260320,"38C","plate2_high",NA,NA,NA,NA,NA,NA,NA,NA
"1337","H","5",1278,"Resaz_plate2_high_T4_260320_1743","T4","2","H5",2026-07-13 17:43:00,20260320,"38C","plate2_high",NA,NA,NA,NA,NA,NA,NA,NA
"1338","H","6",1264,"Resaz_plate2_high_T4_260320_1743","T4","2","H6",2026-07-13 17:43:00,20260320,"38C","plate2_high",NA,NA,NA,NA,NA,NA,NA,NA
"1339","H","7",1205,"Resaz_plate2_high_T4_260320_1743","T4","2","H7",2026-07-13 17:43:00,20260320,"38C","plate2_high",NA,NA,NA,NA,NA,NA,NA,NA
"1340","H","8",1302,"Resaz_plate2_high_T4_260320_1743","T4","2","H8",2026-07-13 17:43:00,20260320,"38C","plate2_high",NA,NA,NA,NA,NA,NA,NA,NA
"1341","H","9",1379,"Resaz_plate2_high_T4_260320_1743","T4","2","H9",2026-07-13 17:43:00,20260320,"38C","plate2_high",NA,NA,NA,NA,NA,NA,NA,NA
"1342","H","10",1309,"Resaz_plate2_high_T4_260320_1743","T4","2","H10",2026-07-13 17:43:00,20260320,"38C","plate2_high",NA,NA,NA,NA,NA,NA,NA,NA
"1343","H","11",1407,"Resaz_plate2_high_T4_260320_1743","T4","2","H11",2026-07-13 17:43:00,20260320,"38C","plate2_high",NA,NA,NA,NA,NA,NA,NA,NA
"1344","H","12",1845,"Resaz_plate2_high_T4_260320_1743","T4","2","H12",2026-07-13 17:43:00,20260320,"38C","plate2_high",NA,NA,NA,NA,NA,NA,NA,NA
"1345","A","1",898,"Resaz_plate2_low_T0_260320_1331","T0","2","A1",2026-07-13 13:31:00,20260320,"26C","plate2_low",NA,NA,NA,NA,NA,NA,NA,NA
"1346","A","2",965,"Resaz_plate2_low_T0_260320_1331","T0","2","A2",2026-07-13 13:31:00,20260320,"26C","plate2_low",NA,NA,NA,NA,NA,NA,NA,NA
"1347","A","3",847,"Resaz_plate2_low_T0_260320_1331","T0","2","A3",2026-07-13 13:31:00,20260320,"26C","plate2_low",NA,NA,NA,NA,NA,NA,NA,NA
"1348","A","4",950,"Resaz_plate2_low_T0_260320_1331","T0","2","A4",2026-07-13 13:31:00,20260320,"26C","plate2_low",NA,NA,NA,NA,NA,NA,NA,NA
"1349","A","5",939,"Resaz_plate2_low_T0_260320_1331","T0","2","A5",2026-07-13 13:31:00,20260320,"26C","plate2_low",NA,NA,NA,NA,NA,NA,NA,NA
"1350","A","6",973,"Resaz_plate2_low_T0_260320_1331","T0","2","A6",2026-07-13 13:31:00,20260320,"26C","plate2_low",NA,NA,NA,NA,NA,NA,NA,NA
"1351","A","7",944,"Resaz_plate2_low_T0_260320_1331","T0","2","A7",2026-07-13 13:31:00,20260320,"26C","plate2_low",NA,NA,NA,NA,NA,NA,NA,NA
"1352","A","8",904,"Resaz_plate2_low_T0_260320_1331","T0","2","A8",2026-07-13 13:31:00,20260320,"26C","plate2_low",NA,NA,NA,NA,NA,NA,NA,NA
"1353","A","9",888,"Resaz_plate2_low_T0_260320_1331","T0","2","A9",2026-07-13 13:31:00,20260320,"26C","plate2_low",NA,NA,NA,NA,NA,NA,NA,NA
"1354","A","10",1187,"Resaz_plate2_low_T0_260320_1331","T0","2","A10",2026-07-13 13:31:00,20260320,"26C","plate2_low",NA,NA,NA,NA,NA,NA,NA,NA
"1355","A","11",1233,"Resaz_plate2_low_T0_260320_1331","T0","2","A11",2026-07-13 13:31:00,20260320,"26C","plate2_low",NA,NA,NA,NA,NA,NA,NA,NA
"1356","A","12",1440,"Resaz_plate2_low_T0_260320_1331","T0","2","A12",2026-07-13 13:31:00,20260320,"26C","plate2_low",NA,NA,NA,NA,NA,NA,NA,NA
"1357","B","1",901,"Resaz_plate2_low_T0_260320_1331","T0","2","B1",2026-07-13 13:31:00,20260320,"26C","plate2_low",NA,NA,NA,NA,NA,NA,NA,NA
"1358","B","2",978,"Resaz_plate2_low_T0_260320_1331","T0","2","B2",2026-07-13 13:31:00,20260320,"26C","plate2_low",NA,NA,NA,NA,NA,NA,NA,NA
"1359","B","3",3473,"Resaz_plate2_low_T0_260320_1331","T0","2","B3",2026-07-13 13:31:00,20260320,"26C","plate2_low",NA,NA,NA,NA,NA,NA,NA,NA
"1360","B","4",922,"Resaz_plate2_low_T0_260320_1331","T0","2","B4",2026-07-13 13:31:00,20260320,"26C","plate2_low",NA,NA,NA,NA,NA,NA,NA,NA
"1361","B","5",962,"Resaz_plate2_low_T0_260320_1331","T0","2","B5",2026-07-13 13:31:00,20260320,"26C","plate2_low",NA,NA,NA,NA,NA,NA,NA,NA
"1362","B","6",993,"Resaz_plate2_low_T0_260320_1331","T0","2","B6",2026-07-13 13:31:00,20260320,"26C","plate2_low",NA,NA,NA,NA,NA,NA,NA,NA
"1363","B","7",1014,"Resaz_plate2_low_T0_260320_1331","T0","2","B7",2026-07-13 13:31:00,20260320,"26C","plate2_low",NA,NA,NA,NA,NA,NA,NA,NA
"1364","B","8",3501,"Resaz_plate2_low_T0_260320_1331","T0","2","B8",2026-07-13 13:31:00,20260320,"26C","plate2_low",NA,NA,NA,NA,NA,NA,NA,NA
"1365","B","9",882,"Resaz_plate2_low_T0_260320_1331","T0","2","B9",2026-07-13 13:31:00,20260320,"26C","plate2_low",NA,NA,NA,NA,NA,NA,NA,NA
"1366","B","10",1501,"Resaz_plate2_low_T0_260320_1331","T0","2","B10",2026-07-13 13:31:00,20260320,"26C","plate2_low",NA,NA,NA,NA,NA,NA,NA,NA
"1367","B","11",3423,"Resaz_plate2_low_T0_260320_1331","T0","2","B11",2026-07-13 13:31:00,20260320,"26C","plate2_low",NA,NA,NA,NA,NA,NA,NA,NA
"1368","B","12",3372,"Resaz_plate2_low_T0_260320_1331","T0","2","B12",2026-07-13 13:31:00,20260320,"26C","plate2_low",NA,NA,NA,NA,NA,NA,NA,NA
"1369","C","1",887,"Resaz_plate2_low_T0_260320_1331","T0","2","C1",2026-07-13 13:31:00,20260320,"26C","plate2_low",NA,NA,NA,NA,NA,NA,NA,NA
"1370","C","2",1078,"Resaz_plate2_low_T0_260320_1331","T0","2","C2",2026-07-13 13:31:00,20260320,"26C","plate2_low",NA,NA,NA,NA,NA,NA,NA,NA
"1371","C","3",976,"Resaz_plate2_low_T0_260320_1331","T0","2","C3",2026-07-13 13:31:00,20260320,"26C","plate2_low",NA,NA,NA,NA,NA,NA,NA,NA
"1372","C","4",951,"Resaz_plate2_low_T0_260320_1331","T0","2","C4",2026-07-13 13:31:00,20260320,"26C","plate2_low",NA,NA,NA,NA,NA,NA,NA,NA
"1373","C","5",982,"Resaz_plate2_low_T0_260320_1331","T0","2","C5",2026-07-13 13:31:00,20260320,"26C","plate2_low",NA,NA,NA,NA,NA,NA,NA,NA
"1374","C","6",1000,"Resaz_plate2_low_T0_260320_1331","T0","2","C6",2026-07-13 13:31:00,20260320,"26C","plate2_low",NA,NA,NA,NA,NA,NA,NA,NA
"1375","C","7",1132,"Resaz_plate2_low_T0_260320_1331","T0","2","C7",2026-07-13 13:31:00,20260320,"26C","plate2_low",NA,NA,NA,NA,NA,NA,NA,NA
"1376","C","8",2054,"Resaz_plate2_low_T0_260320_1331","T0","2","C8",2026-07-13 13:31:00,20260320,"26C","plate2_low",NA,NA,NA,NA,NA,NA,NA,NA
"1377","C","9",918,"Resaz_plate2_low_T0_260320_1331","T0","2","C9",2026-07-13 13:31:00,20260320,"26C","plate2_low",NA,NA,NA,NA,NA,NA,NA,NA
"1378","C","10",1081,"Resaz_plate2_low_T0_260320_1331","T0","2","C10",2026-07-13 13:31:00,20260320,"26C","plate2_low",NA,NA,NA,NA,NA,NA,NA,NA
"1379","C","11",889,"Resaz_plate2_low_T0_260320_1331","T0","2","C11",2026-07-13 13:31:00,20260320,"26C","plate2_low",NA,NA,NA,NA,NA,NA,NA,NA
"1380","C","12",3382,"Resaz_plate2_low_T0_260320_1331","T0","2","C12",2026-07-13 13:31:00,20260320,"26C","plate2_low",NA,NA,NA,NA,NA,NA,NA,NA
"1381","D","1",795,"Resaz_plate2_low_T0_260320_1331","T0","2","D1",2026-07-13 13:31:00,20260320,"26C","plate2_low",NA,NA,NA,NA,NA,NA,NA,NA
"1382","D","2",977,"Resaz_plate2_low_T0_260320_1331","T0","2","D2",2026-07-13 13:31:00,20260320,"26C","plate2_low",NA,NA,NA,NA,NA,NA,NA,NA
"1383","D","3",3446,"Resaz_plate2_low_T0_260320_1331","T0","2","D3",2026-07-13 13:31:00,20260320,"26C","plate2_low",NA,NA,NA,NA,NA,NA,NA,NA
"1384","D","4",1015,"Resaz_plate2_low_T0_260320_1331","T0","2","D4",2026-07-13 13:31:00,20260320,"26C","plate2_low",NA,NA,NA,NA,NA,NA,NA,NA
"1385","D","5",1042,"Resaz_plate2_low_T0_260320_1331","T0","2","D5",2026-07-13 13:31:00,20260320,"26C","plate2_low",NA,NA,NA,NA,NA,NA,NA,NA
"1386","D","6",3537,"Resaz_plate2_low_T0_260320_1331","T0","2","D6",2026-07-13 13:31:00,20260320,"26C","plate2_low",NA,NA,NA,NA,NA,NA,NA,NA
"1387","D","7",1027,"Resaz_plate2_low_T0_260320_1331","T0","2","D7",2026-07-13 13:31:00,20260320,"26C","plate2_low",NA,NA,NA,NA,NA,NA,NA,NA
"1388","D","8",966,"Resaz_plate2_low_T0_260320_1331","T0","2","D8",2026-07-13 13:31:00,20260320,"26C","plate2_low",NA,NA,NA,NA,NA,NA,NA,NA
"1389","D","9",3519,"Resaz_plate2_low_T0_260320_1331","T0","2","D9",2026-07-13 13:31:00,20260320,"26C","plate2_low",NA,NA,NA,NA,NA,NA,NA,NA
"1390","D","10",939,"Resaz_plate2_low_T0_260320_1331","T0","2","D10",2026-07-13 13:31:00,20260320,"26C","plate2_low",NA,NA,NA,NA,NA,NA,NA,NA
"1391","D","11",903,"Resaz_plate2_low_T0_260320_1331","T0","2","D11",2026-07-13 13:31:00,20260320,"26C","plate2_low",NA,NA,NA,NA,NA,NA,NA,NA
"1392","D","12",3363,"Resaz_plate2_low_T0_260320_1331","T0","2","D12",2026-07-13 13:31:00,20260320,"26C","plate2_low",NA,NA,NA,NA,NA,NA,NA,NA
"1393","E","1",839,"Resaz_plate2_low_T0_260320_1331","T0","2","E1",2026-07-13 13:31:00,20260320,"26C","plate2_low",NA,NA,NA,NA,NA,NA,NA,NA
"1394","E","2",1019,"Resaz_plate2_low_T0_260320_1331","T0","2","E2",2026-07-13 13:31:00,20260320,"26C","plate2_low",NA,NA,NA,NA,NA,NA,NA,NA
"1395","E","3",904,"Resaz_plate2_low_T0_260320_1331","T0","2","E3",2026-07-13 13:31:00,20260320,"26C","plate2_low",NA,NA,NA,NA,NA,NA,NA,NA
"1396","E","4",1011,"Resaz_plate2_low_T0_260320_1331","T0","2","E4",2026-07-13 13:31:00,20260320,"26C","plate2_low",NA,NA,NA,NA,NA,NA,NA,NA
"1397","E","5",1078,"Resaz_plate2_low_T0_260320_1331","T0","2","E5",2026-07-13 13:31:00,20260320,"26C","plate2_low",NA,NA,NA,NA,NA,NA,NA,NA
"1398","E","6",1045,"Resaz_plate2_low_T0_260320_1331","T0","2","E6",2026-07-13 13:31:00,20260320,"26C","plate2_low",NA,NA,NA,NA,NA,NA,NA,NA
"1399","E","7",969,"Resaz_plate2_low_T0_260320_1331","T0","2","E7",2026-07-13 13:31:00,20260320,"26C","plate2_low",NA,NA,NA,NA,NA,NA,NA,NA
"1400","E","8",1036,"Resaz_plate2_low_T0_260320_1331","T0","2","E8",2026-07-13 13:31:00,20260320,"26C","plate2_low",NA,NA,NA,NA,NA,NA,NA,NA
"1401","E","9",3469,"Resaz_plate2_low_T0_260320_1331","T0","2","E9",2026-07-13 13:31:00,20260320,"26C","plate2_low",NA,NA,NA,NA,NA,NA,NA,NA
"1402","E","10",923,"Resaz_plate2_low_T0_260320_1331","T0","2","E10",2026-07-13 13:31:00,20260320,"26C","plate2_low",NA,NA,NA,NA,NA,NA,NA,NA
"1403","E","11",977,"Resaz_plate2_low_T0_260320_1331","T0","2","E11",2026-07-13 13:31:00,20260320,"26C","plate2_low",NA,NA,NA,NA,NA,NA,NA,NA
"1404","E","12",3392,"Resaz_plate2_low_T0_260320_1331","T0","2","E12",2026-07-13 13:31:00,20260320,"26C","plate2_low",NA,NA,NA,NA,NA,NA,NA,NA
"1405","F","1",815,"Resaz_plate2_low_T0_260320_1331","T0","2","F1",2026-07-13 13:31:00,20260320,"26C","plate2_low",NA,NA,NA,NA,NA,NA,NA,NA
"1406","F","2",3502,"Resaz_plate2_low_T0_260320_1331","T0","2","F2",2026-07-13 13:31:00,20260320,"26C","plate2_low",NA,NA,NA,NA,NA,NA,NA,NA
"1407","F","3",869,"Resaz_plate2_low_T0_260320_1331","T0","2","F3",2026-07-13 13:31:00,20260320,"26C","plate2_low",NA,NA,NA,NA,NA,NA,NA,NA
"1408","F","4",1054,"Resaz_plate2_low_T0_260320_1331","T0","2","F4",2026-07-13 13:31:00,20260320,"26C","plate2_low",NA,NA,NA,NA,NA,NA,NA,NA
"1409","F","5",3471,"Resaz_plate2_low_T0_260320_1331","T0","2","F5",2026-07-13 13:31:00,20260320,"26C","plate2_low",NA,NA,NA,NA,NA,NA,NA,NA
"1410","F","6",967,"Resaz_plate2_low_T0_260320_1331","T0","2","F6",2026-07-13 13:31:00,20260320,"26C","plate2_low",NA,NA,NA,NA,NA,NA,NA,NA
"1411","F","7",2052,"Resaz_plate2_low_T0_260320_1331","T0","2","F7",2026-07-13 13:31:00,20260320,"26C","plate2_low",NA,NA,NA,NA,NA,NA,NA,NA
"1412","F","8",962,"Resaz_plate2_low_T0_260320_1331","T0","2","F8",2026-07-13 13:31:00,20260320,"26C","plate2_low",NA,NA,NA,NA,NA,NA,NA,NA
"1413","F","9",3486,"Resaz_plate2_low_T0_260320_1331","T0","2","F9",2026-07-13 13:31:00,20260320,"26C","plate2_low",NA,NA,NA,NA,NA,NA,NA,NA
"1414","F","10",862,"Resaz_plate2_low_T0_260320_1331","T0","2","F10",2026-07-13 13:31:00,20260320,"26C","plate2_low",NA,NA,NA,NA,NA,NA,NA,NA
"1415","F","11",891,"Resaz_plate2_low_T0_260320_1331","T0","2","F11",2026-07-13 13:31:00,20260320,"26C","plate2_low",NA,NA,NA,NA,NA,NA,NA,NA
"1416","F","12",900,"Resaz_plate2_low_T0_260320_1331","T0","2","F12",2026-07-13 13:31:00,20260320,"26C","plate2_low",NA,NA,NA,NA,NA,NA,NA,NA
"1417","G","1",815,"Resaz_plate2_low_T0_260320_1331","T0","2","G1",2026-07-13 13:31:00,20260320,"26C","plate2_low",NA,NA,NA,NA,NA,NA,NA,NA
"1418","G","2",889,"Resaz_plate2_low_T0_260320_1331","T0","2","G2",2026-07-13 13:31:00,20260320,"26C","plate2_low",NA,NA,NA,NA,NA,NA,NA,NA
"1419","G","3",3444,"Resaz_plate2_low_T0_260320_1331","T0","2","G3",2026-07-13 13:31:00,20260320,"26C","plate2_low",NA,NA,NA,NA,NA,NA,NA,NA
"1420","G","4",961,"Resaz_plate2_low_T0_260320_1331","T0","2","G4",2026-07-13 13:31:00,20260320,"26C","plate2_low",NA,NA,NA,NA,NA,NA,NA,NA
"1421","G","5",3467,"Resaz_plate2_low_T0_260320_1331","T0","2","G5",2026-07-13 13:31:00,20260320,"26C","plate2_low",NA,NA,NA,NA,NA,NA,NA,NA
"1422","G","6",891,"Resaz_plate2_low_T0_260320_1331","T0","2","G6",2026-07-13 13:31:00,20260320,"26C","plate2_low",NA,NA,NA,NA,NA,NA,NA,NA
"1423","G","7",1024,"Resaz_plate2_low_T0_260320_1331","T0","2","G7",2026-07-13 13:31:00,20260320,"26C","plate2_low",NA,NA,NA,NA,NA,NA,NA,NA
"1424","G","8",3484,"Resaz_plate2_low_T0_260320_1331","T0","2","G8",2026-07-13 13:31:00,20260320,"26C","plate2_low",NA,NA,NA,NA,NA,NA,NA,NA
"1425","G","9",3406,"Resaz_plate2_low_T0_260320_1331","T0","2","G9",2026-07-13 13:31:00,20260320,"26C","plate2_low",NA,NA,NA,NA,NA,NA,NA,NA
"1426","G","10",869,"Resaz_plate2_low_T0_260320_1331","T0","2","G10",2026-07-13 13:31:00,20260320,"26C","plate2_low",NA,NA,NA,NA,NA,NA,NA,NA
"1427","G","11",873,"Resaz_plate2_low_T0_260320_1331","T0","2","G11",2026-07-13 13:31:00,20260320,"26C","plate2_low",NA,NA,NA,NA,NA,NA,NA,NA
"1428","G","12",1087,"Resaz_plate2_low_T0_260320_1331","T0","2","G12",2026-07-13 13:31:00,20260320,"26C","plate2_low",NA,NA,NA,NA,NA,NA,NA,NA
"1429","H","1",746,"Resaz_plate2_low_T0_260320_1331","T0","2","H1",2026-07-13 13:31:00,20260320,"26C","plate2_low",NA,NA,NA,NA,NA,NA,NA,NA
"1430","H","2",894,"Resaz_plate2_low_T0_260320_1331","T0","2","H2",2026-07-13 13:31:00,20260320,"26C","plate2_low",NA,NA,NA,NA,NA,NA,NA,NA
"1431","H","3",861,"Resaz_plate2_low_T0_260320_1331","T0","2","H3",2026-07-13 13:31:00,20260320,"26C","plate2_low",NA,NA,NA,NA,NA,NA,NA,NA
"1432","H","4",938,"Resaz_plate2_low_T0_260320_1331","T0","2","H4",2026-07-13 13:31:00,20260320,"26C","plate2_low",NA,NA,NA,NA,NA,NA,NA,NA
"1433","H","5",854,"Resaz_plate2_low_T0_260320_1331","T0","2","H5",2026-07-13 13:31:00,20260320,"26C","plate2_low",NA,NA,NA,NA,NA,NA,NA,NA
"1434","H","6",931,"Resaz_plate2_low_T0_260320_1331","T0","2","H6",2026-07-13 13:31:00,20260320,"26C","plate2_low",NA,NA,NA,NA,NA,NA,NA,NA
"1435","H","7",887,"Resaz_plate2_low_T0_260320_1331","T0","2","H7",2026-07-13 13:31:00,20260320,"26C","plate2_low",NA,NA,NA,NA,NA,NA,NA,NA
"1436","H","8",893,"Resaz_plate2_low_T0_260320_1331","T0","2","H8",2026-07-13 13:31:00,20260320,"26C","plate2_low",NA,NA,NA,NA,NA,NA,NA,NA
"1437","H","9",882,"Resaz_plate2_low_T0_260320_1331","T0","2","H9",2026-07-13 13:31:00,20260320,"26C","plate2_low",NA,NA,NA,NA,NA,NA,NA,NA
"1438","H","10",852,"Resaz_plate2_low_T0_260320_1331","T0","2","H10",2026-07-13 13:31:00,20260320,"26C","plate2_low",NA,NA,NA,NA,NA,NA,NA,NA
"1439","H","11",864,"Resaz_plate2_low_T0_260320_1331","T0","2","H11",2026-07-13 13:31:00,20260320,"26C","plate2_low",NA,NA,NA,NA,NA,NA,NA,NA
"1440","H","12",882,"Resaz_plate2_low_T0_260320_1331","T0","2","H12",2026-07-13 13:31:00,20260320,"26C","plate2_low",NA,NA,NA,NA,NA,NA,NA,NA
"1441","A","1",944,"Resaz_plate2_low_T1_260320_1433","T1","2","A1",2026-07-13 14:33:00,20260320,"26C","plate2_low",NA,NA,NA,NA,NA,NA,NA,NA
"1442","A","2",1038,"Resaz_plate2_low_T1_260320_1433","T1","2","A2",2026-07-13 14:33:00,20260320,"26C","plate2_low",NA,NA,NA,NA,NA,NA,NA,NA
"1443","A","3",868,"Resaz_plate2_low_T1_260320_1433","T1","2","A3",2026-07-13 14:33:00,20260320,"26C","plate2_low",NA,NA,NA,NA,NA,NA,NA,NA
"1444","A","4",1040,"Resaz_plate2_low_T1_260320_1433","T1","2","A4",2026-07-13 14:33:00,20260320,"26C","plate2_low",NA,NA,NA,NA,NA,NA,NA,NA
"1445","A","5",995,"Resaz_plate2_low_T1_260320_1433","T1","2","A5",2026-07-13 14:33:00,20260320,"26C","plate2_low",NA,NA,NA,NA,NA,NA,NA,NA
"1446","A","6",1017,"Resaz_plate2_low_T1_260320_1433","T1","2","A6",2026-07-13 14:33:00,20260320,"26C","plate2_low",NA,NA,NA,NA,NA,NA,NA,NA
"1447","A","7",966,"Resaz_plate2_low_T1_260320_1433","T1","2","A7",2026-07-13 14:33:00,20260320,"26C","plate2_low",NA,NA,NA,NA,NA,NA,NA,NA
"1448","A","8",931,"Resaz_plate2_low_T1_260320_1433","T1","2","A8",2026-07-13 14:33:00,20260320,"26C","plate2_low",NA,NA,NA,NA,NA,NA,NA,NA
"1449","A","9",925,"Resaz_plate2_low_T1_260320_1433","T1","2","A9",2026-07-13 14:33:00,20260320,"26C","plate2_low",NA,NA,NA,NA,NA,NA,NA,NA
"1450","A","10",1252,"Resaz_plate2_low_T1_260320_1433","T1","2","A10",2026-07-13 14:33:00,20260320,"26C","plate2_low",NA,NA,NA,NA,NA,NA,NA,NA
"1451","A","11",1284,"Resaz_plate2_low_T1_260320_1433","T1","2","A11",2026-07-13 14:33:00,20260320,"26C","plate2_low",NA,NA,NA,NA,NA,NA,NA,NA
"1452","A","12",1488,"Resaz_plate2_low_T1_260320_1433","T1","2","A12",2026-07-13 14:33:00,20260320,"26C","plate2_low",NA,NA,NA,NA,NA,NA,NA,NA
"1453","B","1",925,"Resaz_plate2_low_T1_260320_1433","T1","2","B1",2026-07-13 14:33:00,20260320,"26C","plate2_low",NA,NA,NA,NA,NA,NA,NA,NA
"1454","B","2",1029,"Resaz_plate2_low_T1_260320_1433","T1","2","B2",2026-07-13 14:33:00,20260320,"26C","plate2_low",NA,NA,NA,NA,NA,NA,NA,NA
"1455","B","3",3484,"Resaz_plate2_low_T1_260320_1433","T1","2","B3",2026-07-13 14:33:00,20260320,"26C","plate2_low",NA,NA,NA,NA,NA,NA,NA,NA
"1456","B","4",982,"Resaz_plate2_low_T1_260320_1433","T1","2","B4",2026-07-13 14:33:00,20260320,"26C","plate2_low",NA,NA,NA,NA,NA,NA,NA,NA
"1457","B","5",1026,"Resaz_plate2_low_T1_260320_1433","T1","2","B5",2026-07-13 14:33:00,20260320,"26C","plate2_low",NA,NA,NA,NA,NA,NA,NA,NA
"1458","B","6",1055,"Resaz_plate2_low_T1_260320_1433","T1","2","B6",2026-07-13 14:33:00,20260320,"26C","plate2_low",NA,NA,NA,NA,NA,NA,NA,NA
"1459","B","7",1058,"Resaz_plate2_low_T1_260320_1433","T1","2","B7",2026-07-13 14:33:00,20260320,"26C","plate2_low",NA,NA,NA,NA,NA,NA,NA,NA
"1460","B","8",3512,"Resaz_plate2_low_T1_260320_1433","T1","2","B8",2026-07-13 14:33:00,20260320,"26C","plate2_low",NA,NA,NA,NA,NA,NA,NA,NA
"1461","B","9",919,"Resaz_plate2_low_T1_260320_1433","T1","2","B9",2026-07-13 14:33:00,20260320,"26C","plate2_low",NA,NA,NA,NA,NA,NA,NA,NA
"1462","B","10",1606,"Resaz_plate2_low_T1_260320_1433","T1","2","B10",2026-07-13 14:33:00,20260320,"26C","plate2_low",NA,NA,NA,NA,NA,NA,NA,NA
"1463","B","11",3450,"Resaz_plate2_low_T1_260320_1433","T1","2","B11",2026-07-13 14:33:00,20260320,"26C","plate2_low",NA,NA,NA,NA,NA,NA,NA,NA
"1464","B","12",3401,"Resaz_plate2_low_T1_260320_1433","T1","2","B12",2026-07-13 14:33:00,20260320,"26C","plate2_low",NA,NA,NA,NA,NA,NA,NA,NA
"1465","C","1",909,"Resaz_plate2_low_T1_260320_1433","T1","2","C1",2026-07-13 14:33:00,20260320,"26C","plate2_low",NA,NA,NA,NA,NA,NA,NA,NA
"1466","C","2",1152,"Resaz_plate2_low_T1_260320_1433","T1","2","C2",2026-07-13 14:33:00,20260320,"26C","plate2_low",NA,NA,NA,NA,NA,NA,NA,NA
"1467","C","3",1016,"Resaz_plate2_low_T1_260320_1433","T1","2","C3",2026-07-13 14:33:00,20260320,"26C","plate2_low",NA,NA,NA,NA,NA,NA,NA,NA
"1468","C","4",1049,"Resaz_plate2_low_T1_260320_1433","T1","2","C4",2026-07-13 14:33:00,20260320,"26C","plate2_low",NA,NA,NA,NA,NA,NA,NA,NA
"1469","C","5",1055,"Resaz_plate2_low_T1_260320_1433","T1","2","C5",2026-07-13 14:33:00,20260320,"26C","plate2_low",NA,NA,NA,NA,NA,NA,NA,NA
"1470","C","6",1047,"Resaz_plate2_low_T1_260320_1433","T1","2","C6",2026-07-13 14:33:00,20260320,"26C","plate2_low",NA,NA,NA,NA,NA,NA,NA,NA
"1471","C","7",1193,"Resaz_plate2_low_T1_260320_1433","T1","2","C7",2026-07-13 14:33:00,20260320,"26C","plate2_low",NA,NA,NA,NA,NA,NA,NA,NA
"1472","C","8",2160,"Resaz_plate2_low_T1_260320_1433","T1","2","C8",2026-07-13 14:33:00,20260320,"26C","plate2_low",NA,NA,NA,NA,NA,NA,NA,NA
"1473","C","9",934,"Resaz_plate2_low_T1_260320_1433","T1","2","C9",2026-07-13 14:33:00,20260320,"26C","plate2_low",NA,NA,NA,NA,NA,NA,NA,NA
"1474","C","10",1113,"Resaz_plate2_low_T1_260320_1433","T1","2","C10",2026-07-13 14:33:00,20260320,"26C","plate2_low",NA,NA,NA,NA,NA,NA,NA,NA
"1475","C","11",981,"Resaz_plate2_low_T1_260320_1433","T1","2","C11",2026-07-13 14:33:00,20260320,"26C","plate2_low",NA,NA,NA,NA,NA,NA,NA,NA
"1476","C","12",3412,"Resaz_plate2_low_T1_260320_1433","T1","2","C12",2026-07-13 14:33:00,20260320,"26C","plate2_low",NA,NA,NA,NA,NA,NA,NA,NA
"1477","D","1",821,"Resaz_plate2_low_T1_260320_1433","T1","2","D1",2026-07-13 14:33:00,20260320,"26C","plate2_low",NA,NA,NA,NA,NA,NA,NA,NA
"1478","D","2",1065,"Resaz_plate2_low_T1_260320_1433","T1","2","D2",2026-07-13 14:33:00,20260320,"26C","plate2_low",NA,NA,NA,NA,NA,NA,NA,NA
"1479","D","3",3475,"Resaz_plate2_low_T1_260320_1433","T1","2","D3",2026-07-13 14:33:00,20260320,"26C","plate2_low",NA,NA,NA,NA,NA,NA,NA,NA
"1480","D","4",1041,"Resaz_plate2_low_T1_260320_1433","T1","2","D4",2026-07-13 14:33:00,20260320,"26C","plate2_low",NA,NA,NA,NA,NA,NA,NA,NA
"1481","D","5",1132,"Resaz_plate2_low_T1_260320_1433","T1","2","D5",2026-07-13 14:33:00,20260320,"26C","plate2_low",NA,NA,NA,NA,NA,NA,NA,NA
"1482","D","6",3546,"Resaz_plate2_low_T1_260320_1433","T1","2","D6",2026-07-13 14:33:00,20260320,"26C","plate2_low",NA,NA,NA,NA,NA,NA,NA,NA
"1483","D","7",1110,"Resaz_plate2_low_T1_260320_1433","T1","2","D7",2026-07-13 14:33:00,20260320,"26C","plate2_low",NA,NA,NA,NA,NA,NA,NA,NA
"1484","D","8",1010,"Resaz_plate2_low_T1_260320_1433","T1","2","D8",2026-07-13 14:33:00,20260320,"26C","plate2_low",NA,NA,NA,NA,NA,NA,NA,NA
"1485","D","9",3532,"Resaz_plate2_low_T1_260320_1433","T1","2","D9",2026-07-13 14:33:00,20260320,"26C","plate2_low",NA,NA,NA,NA,NA,NA,NA,NA
"1486","D","10",1011,"Resaz_plate2_low_T1_260320_1433","T1","2","D10",2026-07-13 14:33:00,20260320,"26C","plate2_low",NA,NA,NA,NA,NA,NA,NA,NA
"1487","D","11",1006,"Resaz_plate2_low_T1_260320_1433","T1","2","D11",2026-07-13 14:33:00,20260320,"26C","plate2_low",NA,NA,NA,NA,NA,NA,NA,NA
"1488","D","12",3388,"Resaz_plate2_low_T1_260320_1433","T1","2","D12",2026-07-13 14:33:00,20260320,"26C","plate2_low",NA,NA,NA,NA,NA,NA,NA,NA
"1489","E","1",885,"Resaz_plate2_low_T1_260320_1433","T1","2","E1",2026-07-13 14:33:00,20260320,"26C","plate2_low",NA,NA,NA,NA,NA,NA,NA,NA
"1490","E","2",1116,"Resaz_plate2_low_T1_260320_1433","T1","2","E2",2026-07-13 14:33:00,20260320,"26C","plate2_low",NA,NA,NA,NA,NA,NA,NA,NA
"1491","E","3",946,"Resaz_plate2_low_T1_260320_1433","T1","2","E3",2026-07-13 14:33:00,20260320,"26C","plate2_low",NA,NA,NA,NA,NA,NA,NA,NA
"1492","E","4",1134,"Resaz_plate2_low_T1_260320_1433","T1","2","E4",2026-07-13 14:33:00,20260320,"26C","plate2_low",NA,NA,NA,NA,NA,NA,NA,NA
"1493","E","5",1173,"Resaz_plate2_low_T1_260320_1433","T1","2","E5",2026-07-13 14:33:00,20260320,"26C","plate2_low",NA,NA,NA,NA,NA,NA,NA,NA
"1494","E","6",1115,"Resaz_plate2_low_T1_260320_1433","T1","2","E6",2026-07-13 14:33:00,20260320,"26C","plate2_low",NA,NA,NA,NA,NA,NA,NA,NA
"1495","E","7",1040,"Resaz_plate2_low_T1_260320_1433","T1","2","E7",2026-07-13 14:33:00,20260320,"26C","plate2_low",NA,NA,NA,NA,NA,NA,NA,NA
"1496","E","8",1093,"Resaz_plate2_low_T1_260320_1433","T1","2","E8",2026-07-13 14:33:00,20260320,"26C","plate2_low",NA,NA,NA,NA,NA,NA,NA,NA
"1497","E","9",3501,"Resaz_plate2_low_T1_260320_1433","T1","2","E9",2026-07-13 14:33:00,20260320,"26C","plate2_low",NA,NA,NA,NA,NA,NA,NA,NA
"1498","E","10",1015,"Resaz_plate2_low_T1_260320_1433","T1","2","E10",2026-07-13 14:33:00,20260320,"26C","plate2_low",NA,NA,NA,NA,NA,NA,NA,NA
"1499","E","11",1090,"Resaz_plate2_low_T1_260320_1433","T1","2","E11",2026-07-13 14:33:00,20260320,"26C","plate2_low",NA,NA,NA,NA,NA,NA,NA,NA
"1500","E","12",3421,"Resaz_plate2_low_T1_260320_1433","T1","2","E12",2026-07-13 14:33:00,20260320,"26C","plate2_low",NA,NA,NA,NA,NA,NA,NA,NA
"1501","F","1",861,"Resaz_plate2_low_T1_260320_1433","T1","2","F1",2026-07-13 14:33:00,20260320,"26C","plate2_low",NA,NA,NA,NA,NA,NA,NA,NA
"1502","F","2",3522,"Resaz_plate2_low_T1_260320_1433","T1","2","F2",2026-07-13 14:33:00,20260320,"26C","plate2_low",NA,NA,NA,NA,NA,NA,NA,NA
"1503","F","3",916,"Resaz_plate2_low_T1_260320_1433","T1","2","F3",2026-07-13 14:33:00,20260320,"26C","plate2_low",NA,NA,NA,NA,NA,NA,NA,NA
"1504","F","4",1165,"Resaz_plate2_low_T1_260320_1433","T1","2","F4",2026-07-13 14:33:00,20260320,"26C","plate2_low",NA,NA,NA,NA,NA,NA,NA,NA
"1505","F","5",3506,"Resaz_plate2_low_T1_260320_1433","T1","2","F5",2026-07-13 14:33:00,20260320,"26C","plate2_low",NA,NA,NA,NA,NA,NA,NA,NA
"1506","F","6",1022,"Resaz_plate2_low_T1_260320_1433","T1","2","F6",2026-07-13 14:33:00,20260320,"26C","plate2_low",NA,NA,NA,NA,NA,NA,NA,NA
"1507","F","7",2196,"Resaz_plate2_low_T1_260320_1433","T1","2","F7",2026-07-13 14:33:00,20260320,"26C","plate2_low",NA,NA,NA,NA,NA,NA,NA,NA
"1508","F","8",1034,"Resaz_plate2_low_T1_260320_1433","T1","2","F8",2026-07-13 14:33:00,20260320,"26C","plate2_low",NA,NA,NA,NA,NA,NA,NA,NA
"1509","F","9",3522,"Resaz_plate2_low_T1_260320_1433","T1","2","F9",2026-07-13 14:33:00,20260320,"26C","plate2_low",NA,NA,NA,NA,NA,NA,NA,NA
"1510","F","10",925,"Resaz_plate2_low_T1_260320_1433","T1","2","F10",2026-07-13 14:33:00,20260320,"26C","plate2_low",NA,NA,NA,NA,NA,NA,NA,NA
"1511","F","11",981,"Resaz_plate2_low_T1_260320_1433","T1","2","F11",2026-07-13 14:33:00,20260320,"26C","plate2_low",NA,NA,NA,NA,NA,NA,NA,NA
"1512","F","12",968,"Resaz_plate2_low_T1_260320_1433","T1","2","F12",2026-07-13 14:33:00,20260320,"26C","plate2_low",NA,NA,NA,NA,NA,NA,NA,NA
"1513","G","1",857,"Resaz_plate2_low_T1_260320_1433","T1","2","G1",2026-07-13 14:33:00,20260320,"26C","plate2_low",NA,NA,NA,NA,NA,NA,NA,NA
"1514","G","2",1013,"Resaz_plate2_low_T1_260320_1433","T1","2","G2",2026-07-13 14:33:00,20260320,"26C","plate2_low",NA,NA,NA,NA,NA,NA,NA,NA
"1515","G","3",3488,"Resaz_plate2_low_T1_260320_1433","T1","2","G3",2026-07-13 14:33:00,20260320,"26C","plate2_low",NA,NA,NA,NA,NA,NA,NA,NA
"1516","G","4",1086,"Resaz_plate2_low_T1_260320_1433","T1","2","G4",2026-07-13 14:33:00,20260320,"26C","plate2_low",NA,NA,NA,NA,NA,NA,NA,NA
"1517","G","5",3514,"Resaz_plate2_low_T1_260320_1433","T1","2","G5",2026-07-13 14:33:00,20260320,"26C","plate2_low",NA,NA,NA,NA,NA,NA,NA,NA
"1518","G","6",986,"Resaz_plate2_low_T1_260320_1433","T1","2","G6",2026-07-13 14:33:00,20260320,"26C","plate2_low",NA,NA,NA,NA,NA,NA,NA,NA
"1519","G","7",1103,"Resaz_plate2_low_T1_260320_1433","T1","2","G7",2026-07-13 14:33:00,20260320,"26C","plate2_low",NA,NA,NA,NA,NA,NA,NA,NA
"1520","G","8",3523,"Resaz_plate2_low_T1_260320_1433","T1","2","G8",2026-07-13 14:33:00,20260320,"26C","plate2_low",NA,NA,NA,NA,NA,NA,NA,NA
"1521","G","9",3469,"Resaz_plate2_low_T1_260320_1433","T1","2","G9",2026-07-13 14:33:00,20260320,"26C","plate2_low",NA,NA,NA,NA,NA,NA,NA,NA
"1522","G","10",970,"Resaz_plate2_low_T1_260320_1433","T1","2","G10",2026-07-13 14:33:00,20260320,"26C","plate2_low",NA,NA,NA,NA,NA,NA,NA,NA
"1523","G","11",969,"Resaz_plate2_low_T1_260320_1433","T1","2","G11",2026-07-13 14:33:00,20260320,"26C","plate2_low",NA,NA,NA,NA,NA,NA,NA,NA
"1524","G","12",1158,"Resaz_plate2_low_T1_260320_1433","T1","2","G12",2026-07-13 14:33:00,20260320,"26C","plate2_low",NA,NA,NA,NA,NA,NA,NA,NA
"1525","H","1",776,"Resaz_plate2_low_T1_260320_1433","T1","2","H1",2026-07-13 14:33:00,20260320,"26C","plate2_low",NA,NA,NA,NA,NA,NA,NA,NA
"1526","H","2",939,"Resaz_plate2_low_T1_260320_1433","T1","2","H2",2026-07-13 14:33:00,20260320,"26C","plate2_low",NA,NA,NA,NA,NA,NA,NA,NA
"1527","H","3",924,"Resaz_plate2_low_T1_260320_1433","T1","2","H3",2026-07-13 14:33:00,20260320,"26C","plate2_low",NA,NA,NA,NA,NA,NA,NA,NA
"1528","H","4",1031,"Resaz_plate2_low_T1_260320_1433","T1","2","H4",2026-07-13 14:33:00,20260320,"26C","plate2_low",NA,NA,NA,NA,NA,NA,NA,NA
"1529","H","5",954,"Resaz_plate2_low_T1_260320_1433","T1","2","H5",2026-07-13 14:33:00,20260320,"26C","plate2_low",NA,NA,NA,NA,NA,NA,NA,NA
"1530","H","6",1036,"Resaz_plate2_low_T1_260320_1433","T1","2","H6",2026-07-13 14:33:00,20260320,"26C","plate2_low",NA,NA,NA,NA,NA,NA,NA,NA
"1531","H","7",986,"Resaz_plate2_low_T1_260320_1433","T1","2","H7",2026-07-13 14:33:00,20260320,"26C","plate2_low",NA,NA,NA,NA,NA,NA,NA,NA
"1532","H","8",1004,"Resaz_plate2_low_T1_260320_1433","T1","2","H8",2026-07-13 14:33:00,20260320,"26C","plate2_low",NA,NA,NA,NA,NA,NA,NA,NA
"1533","H","9",979,"Resaz_plate2_low_T1_260320_1433","T1","2","H9",2026-07-13 14:33:00,20260320,"26C","plate2_low",NA,NA,NA,NA,NA,NA,NA,NA
"1534","H","10",928,"Resaz_plate2_low_T1_260320_1433","T1","2","H10",2026-07-13 14:33:00,20260320,"26C","plate2_low",NA,NA,NA,NA,NA,NA,NA,NA
"1535","H","11",928,"Resaz_plate2_low_T1_260320_1433","T1","2","H11",2026-07-13 14:33:00,20260320,"26C","plate2_low",NA,NA,NA,NA,NA,NA,NA,NA
"1536","H","12",925,"Resaz_plate2_low_T1_260320_1433","T1","2","H12",2026-07-13 14:33:00,20260320,"26C","plate2_low",NA,NA,NA,NA,NA,NA,NA,NA
"1537","A","1",1001,"Resaz_plate2_low_T2_260320_1544","T2","2","A1",2026-07-13 15:44:00,20260320,"26C","plate2_low",NA,NA,NA,NA,NA,NA,NA,NA
"1538","A","2",1156,"Resaz_plate2_low_T2_260320_1544","T2","2","A2",2026-07-13 15:44:00,20260320,"26C","plate2_low",NA,NA,NA,NA,NA,NA,NA,NA
"1539","A","3",905,"Resaz_plate2_low_T2_260320_1544","T2","2","A3",2026-07-13 15:44:00,20260320,"26C","plate2_low",NA,NA,NA,NA,NA,NA,NA,NA
"1540","A","4",1159,"Resaz_plate2_low_T2_260320_1544","T2","2","A4",2026-07-13 15:44:00,20260320,"26C","plate2_low",NA,NA,NA,NA,NA,NA,NA,NA
"1541","A","5",1105,"Resaz_plate2_low_T2_260320_1544","T2","2","A5",2026-07-13 15:44:00,20260320,"26C","plate2_low",NA,NA,NA,NA,NA,NA,NA,NA
"1542","A","6",1121,"Resaz_plate2_low_T2_260320_1544","T2","2","A6",2026-07-13 15:44:00,20260320,"26C","plate2_low",NA,NA,NA,NA,NA,NA,NA,NA
"1543","A","7",1046,"Resaz_plate2_low_T2_260320_1544","T2","2","A7",2026-07-13 15:44:00,20260320,"26C","plate2_low",NA,NA,NA,NA,NA,NA,NA,NA
"1544","A","8",1018,"Resaz_plate2_low_T2_260320_1544","T2","2","A8",2026-07-13 15:44:00,20260320,"26C","plate2_low",NA,NA,NA,NA,NA,NA,NA,NA
"1545","A","9",1035,"Resaz_plate2_low_T2_260320_1544","T2","2","A9",2026-07-13 15:44:00,20260320,"26C","plate2_low",NA,NA,NA,NA,NA,NA,NA,NA
"1546","A","10",1424,"Resaz_plate2_low_T2_260320_1544","T2","2","A10",2026-07-13 15:44:00,20260320,"26C","plate2_low",NA,NA,NA,NA,NA,NA,NA,NA
"1547","A","11",1409,"Resaz_plate2_low_T2_260320_1544","T2","2","A11",2026-07-13 15:44:00,20260320,"26C","plate2_low",NA,NA,NA,NA,NA,NA,NA,NA
"1548","A","12",1602,"Resaz_plate2_low_T2_260320_1544","T2","2","A12",2026-07-13 15:44:00,20260320,"26C","plate2_low",NA,NA,NA,NA,NA,NA,NA,NA
"1549","B","1",967,"Resaz_plate2_low_T2_260320_1544","T2","2","B1",2026-07-13 15:44:00,20260320,"26C","plate2_low",NA,NA,NA,NA,NA,NA,NA,NA
"1550","B","2",1132,"Resaz_plate2_low_T2_260320_1544","T2","2","B2",2026-07-13 15:44:00,20260320,"26C","plate2_low",NA,NA,NA,NA,NA,NA,NA,NA
"1551","B","3",3507,"Resaz_plate2_low_T2_260320_1544","T2","2","B3",2026-07-13 15:44:00,20260320,"26C","plate2_low",NA,NA,NA,NA,NA,NA,NA,NA
"1552","B","4",1055,"Resaz_plate2_low_T2_260320_1544","T2","2","B4",2026-07-13 15:44:00,20260320,"26C","plate2_low",NA,NA,NA,NA,NA,NA,NA,NA
"1553","B","5",1100,"Resaz_plate2_low_T2_260320_1544","T2","2","B5",2026-07-13 15:44:00,20260320,"26C","plate2_low",NA,NA,NA,NA,NA,NA,NA,NA
"1554","B","6",1152,"Resaz_plate2_low_T2_260320_1544","T2","2","B6",2026-07-13 15:44:00,20260320,"26C","plate2_low",NA,NA,NA,NA,NA,NA,NA,NA
"1555","B","7",1121,"Resaz_plate2_low_T2_260320_1544","T2","2","B7",2026-07-13 15:44:00,20260320,"26C","plate2_low",NA,NA,NA,NA,NA,NA,NA,NA
"1556","B","8",3536,"Resaz_plate2_low_T2_260320_1544","T2","2","B8",2026-07-13 15:44:00,20260320,"26C","plate2_low",NA,NA,NA,NA,NA,NA,NA,NA
"1557","B","9",970,"Resaz_plate2_low_T2_260320_1544","T2","2","B9",2026-07-13 15:44:00,20260320,"26C","plate2_low",NA,NA,NA,NA,NA,NA,NA,NA
"1558","B","10",1777,"Resaz_plate2_low_T2_260320_1544","T2","2","B10",2026-07-13 15:44:00,20260320,"26C","plate2_low",NA,NA,NA,NA,NA,NA,NA,NA
"1559","B","11",3419,"Resaz_plate2_low_T2_260320_1544","T2","2","B11",2026-07-13 15:44:00,20260320,"26C","plate2_low",NA,NA,NA,NA,NA,NA,NA,NA
"1560","B","12",3462,"Resaz_plate2_low_T2_260320_1544","T2","2","B12",2026-07-13 15:44:00,20260320,"26C","plate2_low",NA,NA,NA,NA,NA,NA,NA,NA
"1561","C","1",952,"Resaz_plate2_low_T2_260320_1544","T2","2","C1",2026-07-13 15:44:00,20260320,"26C","plate2_low",NA,NA,NA,NA,NA,NA,NA,NA
"1562","C","2",1246,"Resaz_plate2_low_T2_260320_1544","T2","2","C2",2026-07-13 15:44:00,20260320,"26C","plate2_low",NA,NA,NA,NA,NA,NA,NA,NA
"1563","C","3",1072,"Resaz_plate2_low_T2_260320_1544","T2","2","C3",2026-07-13 15:44:00,20260320,"26C","plate2_low",NA,NA,NA,NA,NA,NA,NA,NA
"1564","C","4",1158,"Resaz_plate2_low_T2_260320_1544","T2","2","C4",2026-07-13 15:44:00,20260320,"26C","plate2_low",NA,NA,NA,NA,NA,NA,NA,NA
"1565","C","5",1153,"Resaz_plate2_low_T2_260320_1544","T2","2","C5",2026-07-13 15:44:00,20260320,"26C","plate2_low",NA,NA,NA,NA,NA,NA,NA,NA
"1566","C","6",1121,"Resaz_plate2_low_T2_260320_1544","T2","2","C6",2026-07-13 15:44:00,20260320,"26C","plate2_low",NA,NA,NA,NA,NA,NA,NA,NA
"1567","C","7",1262,"Resaz_plate2_low_T2_260320_1544","T2","2","C7",2026-07-13 15:44:00,20260320,"26C","plate2_low",NA,NA,NA,NA,NA,NA,NA,NA
"1568","C","8",2331,"Resaz_plate2_low_T2_260320_1544","T2","2","C8",2026-07-13 15:44:00,20260320,"26C","plate2_low",NA,NA,NA,NA,NA,NA,NA,NA
"1569","C","9",956,"Resaz_plate2_low_T2_260320_1544","T2","2","C9",2026-07-13 15:44:00,20260320,"26C","plate2_low",NA,NA,NA,NA,NA,NA,NA,NA
"1570","C","10",1159,"Resaz_plate2_low_T2_260320_1544","T2","2","C10",2026-07-13 15:44:00,20260320,"26C","plate2_low",NA,NA,NA,NA,NA,NA,NA,NA
"1571","C","11",1113,"Resaz_plate2_low_T2_260320_1544","T2","2","C11",2026-07-13 15:44:00,20260320,"26C","plate2_low",NA,NA,NA,NA,NA,NA,NA,NA
"1572","C","12",3468,"Resaz_plate2_low_T2_260320_1544","T2","2","C12",2026-07-13 15:44:00,20260320,"26C","plate2_low",NA,NA,NA,NA,NA,NA,NA,NA
"1573","D","1",857,"Resaz_plate2_low_T2_260320_1544","T2","2","D1",2026-07-13 15:44:00,20260320,"26C","plate2_low",NA,NA,NA,NA,NA,NA,NA,NA
"1574","D","2",1171,"Resaz_plate2_low_T2_260320_1544","T2","2","D2",2026-07-13 15:44:00,20260320,"26C","plate2_low",NA,NA,NA,NA,NA,NA,NA,NA
"1575","D","3",3511,"Resaz_plate2_low_T2_260320_1544","T2","2","D3",2026-07-13 15:44:00,20260320,"26C","plate2_low",NA,NA,NA,NA,NA,NA,NA,NA
"1576","D","4",1066,"Resaz_plate2_low_T2_260320_1544","T2","2","D4",2026-07-13 15:44:00,20260320,"26C","plate2_low",NA,NA,NA,NA,NA,NA,NA,NA
"1577","D","5",1239,"Resaz_plate2_low_T2_260320_1544","T2","2","D5",2026-07-13 15:44:00,20260320,"26C","plate2_low",NA,NA,NA,NA,NA,NA,NA,NA
"1578","D","6",3544,"Resaz_plate2_low_T2_260320_1544","T2","2","D6",2026-07-13 15:44:00,20260320,"26C","plate2_low",NA,NA,NA,NA,NA,NA,NA,NA
"1579","D","7",1210,"Resaz_plate2_low_T2_260320_1544","T2","2","D7",2026-07-13 15:44:00,20260320,"26C","plate2_low",NA,NA,NA,NA,NA,NA,NA,NA
"1580","D","8",1055,"Resaz_plate2_low_T2_260320_1544","T2","2","D8",2026-07-13 15:44:00,20260320,"26C","plate2_low",NA,NA,NA,NA,NA,NA,NA,NA
"1581","D","9",3542,"Resaz_plate2_low_T2_260320_1544","T2","2","D9",2026-07-13 15:44:00,20260320,"26C","plate2_low",NA,NA,NA,NA,NA,NA,NA,NA
"1582","D","10",1087,"Resaz_plate2_low_T2_260320_1544","T2","2","D10",2026-07-13 15:44:00,20260320,"26C","plate2_low",NA,NA,NA,NA,NA,NA,NA,NA
"1583","D","11",1127,"Resaz_plate2_low_T2_260320_1544","T2","2","D11",2026-07-13 15:44:00,20260320,"26C","plate2_low",NA,NA,NA,NA,NA,NA,NA,NA
"1584","D","12",3428,"Resaz_plate2_low_T2_260320_1544","T2","2","D12",2026-07-13 15:44:00,20260320,"26C","plate2_low",NA,NA,NA,NA,NA,NA,NA,NA
"1585","E","1",933,"Resaz_plate2_low_T2_260320_1544","T2","2","E1",2026-07-13 15:44:00,20260320,"26C","plate2_low",NA,NA,NA,NA,NA,NA,NA,NA
"1586","E","2",1195,"Resaz_plate2_low_T2_260320_1544","T2","2","E2",2026-07-13 15:44:00,20260320,"26C","plate2_low",NA,NA,NA,NA,NA,NA,NA,NA
"1587","E","3",994,"Resaz_plate2_low_T2_260320_1544","T2","2","E3",2026-07-13 15:44:00,20260320,"26C","plate2_low",NA,NA,NA,NA,NA,NA,NA,NA
"1588","E","4",1238,"Resaz_plate2_low_T2_260320_1544","T2","2","E4",2026-07-13 15:44:00,20260320,"26C","plate2_low",NA,NA,NA,NA,NA,NA,NA,NA
"1589","E","5",1282,"Resaz_plate2_low_T2_260320_1544","T2","2","E5",2026-07-13 15:44:00,20260320,"26C","plate2_low",NA,NA,NA,NA,NA,NA,NA,NA
"1590","E","6",1183,"Resaz_plate2_low_T2_260320_1544","T2","2","E6",2026-07-13 15:44:00,20260320,"26C","plate2_low",NA,NA,NA,NA,NA,NA,NA,NA
"1591","E","7",1128,"Resaz_plate2_low_T2_260320_1544","T2","2","E7",2026-07-13 15:44:00,20260320,"26C","plate2_low",NA,NA,NA,NA,NA,NA,NA,NA
"1592","E","8",1153,"Resaz_plate2_low_T2_260320_1544","T2","2","E8",2026-07-13 15:44:00,20260320,"26C","plate2_low",NA,NA,NA,NA,NA,NA,NA,NA
"1593","E","9",3534,"Resaz_plate2_low_T2_260320_1544","T2","2","E9",2026-07-13 15:44:00,20260320,"26C","plate2_low",NA,NA,NA,NA,NA,NA,NA,NA
"1594","E","10",1091,"Resaz_plate2_low_T2_260320_1544","T2","2","E10",2026-07-13 15:44:00,20260320,"26C","plate2_low",NA,NA,NA,NA,NA,NA,NA,NA
"1595","E","11",1226,"Resaz_plate2_low_T2_260320_1544","T2","2","E11",2026-07-13 15:44:00,20260320,"26C","plate2_low",NA,NA,NA,NA,NA,NA,NA,NA
"1596","E","12",3484,"Resaz_plate2_low_T2_260320_1544","T2","2","E12",2026-07-13 15:44:00,20260320,"26C","plate2_low",NA,NA,NA,NA,NA,NA,NA,NA
"1597","F","1",918,"Resaz_plate2_low_T2_260320_1544","T2","2","F1",2026-07-13 15:44:00,20260320,"26C","plate2_low",NA,NA,NA,NA,NA,NA,NA,NA
"1598","F","2",3546,"Resaz_plate2_low_T2_260320_1544","T2","2","F2",2026-07-13 15:44:00,20260320,"26C","plate2_low",NA,NA,NA,NA,NA,NA,NA,NA
"1599","F","3",973,"Resaz_plate2_low_T2_260320_1544","T2","2","F3",2026-07-13 15:44:00,20260320,"26C","plate2_low",NA,NA,NA,NA,NA,NA,NA,NA
"1600","F","4",1281,"Resaz_plate2_low_T2_260320_1544","T2","2","F4",2026-07-13 15:44:00,20260320,"26C","plate2_low",NA,NA,NA,NA,NA,NA,NA,NA
"1601","F","5",3539,"Resaz_plate2_low_T2_260320_1544","T2","2","F5",2026-07-13 15:44:00,20260320,"26C","plate2_low",NA,NA,NA,NA,NA,NA,NA,NA
"1602","F","6",1071,"Resaz_plate2_low_T2_260320_1544","T2","2","F6",2026-07-13 15:44:00,20260320,"26C","plate2_low",NA,NA,NA,NA,NA,NA,NA,NA
"1603","F","7",2287,"Resaz_plate2_low_T2_260320_1544","T2","2","F7",2026-07-13 15:44:00,20260320,"26C","plate2_low",NA,NA,NA,NA,NA,NA,NA,NA
"1604","F","8",1093,"Resaz_plate2_low_T2_260320_1544","T2","2","F8",2026-07-13 15:44:00,20260320,"26C","plate2_low",NA,NA,NA,NA,NA,NA,NA,NA
"1605","F","9",3547,"Resaz_plate2_low_T2_260320_1544","T2","2","F9",2026-07-13 15:44:00,20260320,"26C","plate2_low",NA,NA,NA,NA,NA,NA,NA,NA
"1606","F","10",992,"Resaz_plate2_low_T2_260320_1544","T2","2","F10",2026-07-13 15:44:00,20260320,"26C","plate2_low",NA,NA,NA,NA,NA,NA,NA,NA
"1607","F","11",1092,"Resaz_plate2_low_T2_260320_1544","T2","2","F11",2026-07-13 15:44:00,20260320,"26C","plate2_low",NA,NA,NA,NA,NA,NA,NA,NA
"1608","F","12",1042,"Resaz_plate2_low_T2_260320_1544","T2","2","F12",2026-07-13 15:44:00,20260320,"26C","plate2_low",NA,NA,NA,NA,NA,NA,NA,NA
"1609","G","1",912,"Resaz_plate2_low_T2_260320_1544","T2","2","G1",2026-07-13 15:44:00,20260320,"26C","plate2_low",NA,NA,NA,NA,NA,NA,NA,NA
"1610","G","2",1121,"Resaz_plate2_low_T2_260320_1544","T2","2","G2",2026-07-13 15:44:00,20260320,"26C","plate2_low",NA,NA,NA,NA,NA,NA,NA,NA
"1611","G","3",3524,"Resaz_plate2_low_T2_260320_1544","T2","2","G3",2026-07-13 15:44:00,20260320,"26C","plate2_low",NA,NA,NA,NA,NA,NA,NA,NA
"1612","G","4",1174,"Resaz_plate2_low_T2_260320_1544","T2","2","G4",2026-07-13 15:44:00,20260320,"26C","plate2_low",NA,NA,NA,NA,NA,NA,NA,NA
"1613","G","5",3535,"Resaz_plate2_low_T2_260320_1544","T2","2","G5",2026-07-13 15:44:00,20260320,"26C","plate2_low",NA,NA,NA,NA,NA,NA,NA,NA
"1614","G","6",1042,"Resaz_plate2_low_T2_260320_1544","T2","2","G6",2026-07-13 15:44:00,20260320,"26C","plate2_low",NA,NA,NA,NA,NA,NA,NA,NA
"1615","G","7",1172,"Resaz_plate2_low_T2_260320_1544","T2","2","G7",2026-07-13 15:44:00,20260320,"26C","plate2_low",NA,NA,NA,NA,NA,NA,NA,NA
"1616","G","8",3550,"Resaz_plate2_low_T2_260320_1544","T2","2","G8",2026-07-13 15:44:00,20260320,"26C","plate2_low",NA,NA,NA,NA,NA,NA,NA,NA
"1617","G","9",3516,"Resaz_plate2_low_T2_260320_1544","T2","2","G9",2026-07-13 15:44:00,20260320,"26C","plate2_low",NA,NA,NA,NA,NA,NA,NA,NA
"1618","G","10",1086,"Resaz_plate2_low_T2_260320_1544","T2","2","G10",2026-07-13 15:44:00,20260320,"26C","plate2_low",NA,NA,NA,NA,NA,NA,NA,NA
"1619","G","11",1078,"Resaz_plate2_low_T2_260320_1544","T2","2","G11",2026-07-13 15:44:00,20260320,"26C","plate2_low",NA,NA,NA,NA,NA,NA,NA,NA
"1620","G","12",1245,"Resaz_plate2_low_T2_260320_1544","T2","2","G12",2026-07-13 15:44:00,20260320,"26C","plate2_low",NA,NA,NA,NA,NA,NA,NA,NA
"1621","H","1",817,"Resaz_plate2_low_T2_260320_1544","T2","2","H1",2026-07-13 15:44:00,20260320,"26C","plate2_low",NA,NA,NA,NA,NA,NA,NA,NA
"1622","H","2",970,"Resaz_plate2_low_T2_260320_1544","T2","2","H2",2026-07-13 15:44:00,20260320,"26C","plate2_low",NA,NA,NA,NA,NA,NA,NA,NA
"1623","H","3",956,"Resaz_plate2_low_T2_260320_1544","T2","2","H3",2026-07-13 15:44:00,20260320,"26C","plate2_low",NA,NA,NA,NA,NA,NA,NA,NA
"1624","H","4",1075,"Resaz_plate2_low_T2_260320_1544","T2","2","H4",2026-07-13 15:44:00,20260320,"26C","plate2_low",NA,NA,NA,NA,NA,NA,NA,NA
"1625","H","5",1013,"Resaz_plate2_low_T2_260320_1544","T2","2","H5",2026-07-13 15:44:00,20260320,"26C","plate2_low",NA,NA,NA,NA,NA,NA,NA,NA
"1626","H","6",1101,"Resaz_plate2_low_T2_260320_1544","T2","2","H6",2026-07-13 15:44:00,20260320,"26C","plate2_low",NA,NA,NA,NA,NA,NA,NA,NA
"1627","H","7",1052,"Resaz_plate2_low_T2_260320_1544","T2","2","H7",2026-07-13 15:44:00,20260320,"26C","plate2_low",NA,NA,NA,NA,NA,NA,NA,NA
"1628","H","8",1067,"Resaz_plate2_low_T2_260320_1544","T2","2","H8",2026-07-13 15:44:00,20260320,"26C","plate2_low",NA,NA,NA,NA,NA,NA,NA,NA
"1629","H","9",1031,"Resaz_plate2_low_T2_260320_1544","T2","2","H9",2026-07-13 15:44:00,20260320,"26C","plate2_low",NA,NA,NA,NA,NA,NA,NA,NA
"1630","H","10",971,"Resaz_plate2_low_T2_260320_1544","T2","2","H10",2026-07-13 15:44:00,20260320,"26C","plate2_low",NA,NA,NA,NA,NA,NA,NA,NA
"1631","H","11",969,"Resaz_plate2_low_T2_260320_1544","T2","2","H11",2026-07-13 15:44:00,20260320,"26C","plate2_low",NA,NA,NA,NA,NA,NA,NA,NA
"1632","H","12",954,"Resaz_plate2_low_T2_260320_1544","T2","2","H12",2026-07-13 15:44:00,20260320,"26C","plate2_low",NA,NA,NA,NA,NA,NA,NA,NA
"1633","A","1",1043,"Resaz_plate2_low_T3_260320_1653","T3","2","A1",2026-07-13 16:53:00,20260320,"26C","plate2_low",NA,NA,NA,NA,NA,NA,NA,NA
"1634","A","2",1229,"Resaz_plate2_low_T3_260320_1653","T3","2","A2",2026-07-13 16:53:00,20260320,"26C","plate2_low",NA,NA,NA,NA,NA,NA,NA,NA
"1635","A","3",931,"Resaz_plate2_low_T3_260320_1653","T3","2","A3",2026-07-13 16:53:00,20260320,"26C","plate2_low",NA,NA,NA,NA,NA,NA,NA,NA
"1636","A","4",1239,"Resaz_plate2_low_T3_260320_1653","T3","2","A4",2026-07-13 16:53:00,20260320,"26C","plate2_low",NA,NA,NA,NA,NA,NA,NA,NA
"1637","A","5",1166,"Resaz_plate2_low_T3_260320_1653","T3","2","A5",2026-07-13 16:53:00,20260320,"26C","plate2_low",NA,NA,NA,NA,NA,NA,NA,NA
"1638","A","6",1171,"Resaz_plate2_low_T3_260320_1653","T3","2","A6",2026-07-13 16:53:00,20260320,"26C","plate2_low",NA,NA,NA,NA,NA,NA,NA,NA
"1639","A","7",1075,"Resaz_plate2_low_T3_260320_1653","T3","2","A7",2026-07-13 16:53:00,20260320,"26C","plate2_low",NA,NA,NA,NA,NA,NA,NA,NA
"1640","A","8",1051,"Resaz_plate2_low_T3_260320_1653","T3","2","A8",2026-07-13 16:53:00,20260320,"26C","plate2_low",NA,NA,NA,NA,NA,NA,NA,NA
"1641","A","9",1078,"Resaz_plate2_low_T3_260320_1653","T3","2","A9",2026-07-13 16:53:00,20260320,"26C","plate2_low",NA,NA,NA,NA,NA,NA,NA,NA
"1642","A","10",1493,"Resaz_plate2_low_T3_260320_1653","T3","2","A10",2026-07-13 16:53:00,20260320,"26C","plate2_low",NA,NA,NA,NA,NA,NA,NA,NA
"1643","A","11",1452,"Resaz_plate2_low_T3_260320_1653","T3","2","A11",2026-07-13 16:53:00,20260320,"26C","plate2_low",NA,NA,NA,NA,NA,NA,NA,NA
"1644","A","12",1634,"Resaz_plate2_low_T3_260320_1653","T3","2","A12",2026-07-13 16:53:00,20260320,"26C","plate2_low",NA,NA,NA,NA,NA,NA,NA,NA
"1645","B","1",983,"Resaz_plate2_low_T3_260320_1653","T3","2","B1",2026-07-13 16:53:00,20260320,"26C","plate2_low",NA,NA,NA,NA,NA,NA,NA,NA
"1646","B","2",1181,"Resaz_plate2_low_T3_260320_1653","T3","2","B2",2026-07-13 16:53:00,20260320,"26C","plate2_low",NA,NA,NA,NA,NA,NA,NA,NA
"1647","B","3",3522,"Resaz_plate2_low_T3_260320_1653","T3","2","B3",2026-07-13 16:53:00,20260320,"26C","plate2_low",NA,NA,NA,NA,NA,NA,NA,NA
"1648","B","4",1099,"Resaz_plate2_low_T3_260320_1653","T3","2","B4",2026-07-13 16:53:00,20260320,"26C","plate2_low",NA,NA,NA,NA,NA,NA,NA,NA
"1649","B","5",1147,"Resaz_plate2_low_T3_260320_1653","T3","2","B5",2026-07-13 16:53:00,20260320,"26C","plate2_low",NA,NA,NA,NA,NA,NA,NA,NA
"1650","B","6",1201,"Resaz_plate2_low_T3_260320_1653","T3","2","B6",2026-07-13 16:53:00,20260320,"26C","plate2_low",NA,NA,NA,NA,NA,NA,NA,NA
"1651","B","7",1156,"Resaz_plate2_low_T3_260320_1653","T3","2","B7",2026-07-13 16:53:00,20260320,"26C","plate2_low",NA,NA,NA,NA,NA,NA,NA,NA
"1652","B","8",3557,"Resaz_plate2_low_T3_260320_1653","T3","2","B8",2026-07-13 16:53:00,20260320,"26C","plate2_low",NA,NA,NA,NA,NA,NA,NA,NA
"1653","B","9",1005,"Resaz_plate2_low_T3_260320_1653","T3","2","B9",2026-07-13 16:53:00,20260320,"26C","plate2_low",NA,NA,NA,NA,NA,NA,NA,NA
"1654","B","10",1859,"Resaz_plate2_low_T3_260320_1653","T3","2","B10",2026-07-13 16:53:00,20260320,"26C","plate2_low",NA,NA,NA,NA,NA,NA,NA,NA
"1655","B","11",3407,"Resaz_plate2_low_T3_260320_1653","T3","2","B11",2026-07-13 16:53:00,20260320,"26C","plate2_low",NA,NA,NA,NA,NA,NA,NA,NA
"1656","B","12",3484,"Resaz_plate2_low_T3_260320_1653","T3","2","B12",2026-07-13 16:53:00,20260320,"26C","plate2_low",NA,NA,NA,NA,NA,NA,NA,NA
"1657","C","1",968,"Resaz_plate2_low_T3_260320_1653","T3","2","C1",2026-07-13 16:53:00,20260320,"26C","plate2_low",NA,NA,NA,NA,NA,NA,NA,NA
"1658","C","2",1295,"Resaz_plate2_low_T3_260320_1653","T3","2","C2",2026-07-13 16:53:00,20260320,"26C","plate2_low",NA,NA,NA,NA,NA,NA,NA,NA
"1659","C","3",1110,"Resaz_plate2_low_T3_260320_1653","T3","2","C3",2026-07-13 16:53:00,20260320,"26C","plate2_low",NA,NA,NA,NA,NA,NA,NA,NA
"1660","C","4",1228,"Resaz_plate2_low_T3_260320_1653","T3","2","C4",2026-07-13 16:53:00,20260320,"26C","plate2_low",NA,NA,NA,NA,NA,NA,NA,NA
"1661","C","5",1205,"Resaz_plate2_low_T3_260320_1653","T3","2","C5",2026-07-13 16:53:00,20260320,"26C","plate2_low",NA,NA,NA,NA,NA,NA,NA,NA
"1662","C","6",1154,"Resaz_plate2_low_T3_260320_1653","T3","2","C6",2026-07-13 16:53:00,20260320,"26C","plate2_low",NA,NA,NA,NA,NA,NA,NA,NA
"1663","C","7",1307,"Resaz_plate2_low_T3_260320_1653","T3","2","C7",2026-07-13 16:53:00,20260320,"26C","plate2_low",NA,NA,NA,NA,NA,NA,NA,NA
"1664","C","8",2410,"Resaz_plate2_low_T3_260320_1653","T3","2","C8",2026-07-13 16:53:00,20260320,"26C","plate2_low",NA,NA,NA,NA,NA,NA,NA,NA
"1665","C","9",965,"Resaz_plate2_low_T3_260320_1653","T3","2","C9",2026-07-13 16:53:00,20260320,"26C","plate2_low",NA,NA,NA,NA,NA,NA,NA,NA
"1666","C","10",1186,"Resaz_plate2_low_T3_260320_1653","T3","2","C10",2026-07-13 16:53:00,20260320,"26C","plate2_low",NA,NA,NA,NA,NA,NA,NA,NA
"1667","C","11",1204,"Resaz_plate2_low_T3_260320_1653","T3","2","C11",2026-07-13 16:53:00,20260320,"26C","plate2_low",NA,NA,NA,NA,NA,NA,NA,NA
"1668","C","12",3488,"Resaz_plate2_low_T3_260320_1653","T3","2","C12",2026-07-13 16:53:00,20260320,"26C","plate2_low",NA,NA,NA,NA,NA,NA,NA,NA
"1669","D","1",870,"Resaz_plate2_low_T3_260320_1653","T3","2","D1",2026-07-13 16:53:00,20260320,"26C","plate2_low",NA,NA,NA,NA,NA,NA,NA,NA
"1670","D","2",1237,"Resaz_plate2_low_T3_260320_1653","T3","2","D2",2026-07-13 16:53:00,20260320,"26C","plate2_low",NA,NA,NA,NA,NA,NA,NA,NA
"1671","D","3",3531,"Resaz_plate2_low_T3_260320_1653","T3","2","D3",2026-07-13 16:53:00,20260320,"26C","plate2_low",NA,NA,NA,NA,NA,NA,NA,NA
"1672","D","4",1078,"Resaz_plate2_low_T3_260320_1653","T3","2","D4",2026-07-13 16:53:00,20260320,"26C","plate2_low",NA,NA,NA,NA,NA,NA,NA,NA
"1673","D","5",1309,"Resaz_plate2_low_T3_260320_1653","T3","2","D5",2026-07-13 16:53:00,20260320,"26C","plate2_low",NA,NA,NA,NA,NA,NA,NA,NA
"1674","D","6",3558,"Resaz_plate2_low_T3_260320_1653","T3","2","D6",2026-07-13 16:53:00,20260320,"26C","plate2_low",NA,NA,NA,NA,NA,NA,NA,NA
"1675","D","7",1274,"Resaz_plate2_low_T3_260320_1653","T3","2","D7",2026-07-13 16:53:00,20260320,"26C","plate2_low",NA,NA,NA,NA,NA,NA,NA,NA
"1676","D","8",1090,"Resaz_plate2_low_T3_260320_1653","T3","2","D8",2026-07-13 16:53:00,20260320,"26C","plate2_low",NA,NA,NA,NA,NA,NA,NA,NA
"1677","D","9",3563,"Resaz_plate2_low_T3_260320_1653","T3","2","D9",2026-07-13 16:53:00,20260320,"26C","plate2_low",NA,NA,NA,NA,NA,NA,NA,NA
"1678","D","10",1142,"Resaz_plate2_low_T3_260320_1653","T3","2","D10",2026-07-13 16:53:00,20260320,"26C","plate2_low",NA,NA,NA,NA,NA,NA,NA,NA
"1679","D","11",1209,"Resaz_plate2_low_T3_260320_1653","T3","2","D11",2026-07-13 16:53:00,20260320,"26C","plate2_low",NA,NA,NA,NA,NA,NA,NA,NA
"1680","D","12",3467,"Resaz_plate2_low_T3_260320_1653","T3","2","D12",2026-07-13 16:53:00,20260320,"26C","plate2_low",NA,NA,NA,NA,NA,NA,NA,NA
"1681","E","1",962,"Resaz_plate2_low_T3_260320_1653","T3","2","E1",2026-07-13 16:53:00,20260320,"26C","plate2_low",NA,NA,NA,NA,NA,NA,NA,NA
"1682","E","2",1260,"Resaz_plate2_low_T3_260320_1653","T3","2","E2",2026-07-13 16:53:00,20260320,"26C","plate2_low",NA,NA,NA,NA,NA,NA,NA,NA
"1683","E","3",1014,"Resaz_plate2_low_T3_260320_1653","T3","2","E3",2026-07-13 16:53:00,20260320,"26C","plate2_low",NA,NA,NA,NA,NA,NA,NA,NA
"1684","E","4",1301,"Resaz_plate2_low_T3_260320_1653","T3","2","E4",2026-07-13 16:53:00,20260320,"26C","plate2_low",NA,NA,NA,NA,NA,NA,NA,NA
"1685","E","5",1340,"Resaz_plate2_low_T3_260320_1653","T3","2","E5",2026-07-13 16:53:00,20260320,"26C","plate2_low",NA,NA,NA,NA,NA,NA,NA,NA
"1686","E","6",1223,"Resaz_plate2_low_T3_260320_1653","T3","2","E6",2026-07-13 16:53:00,20260320,"26C","plate2_low",NA,NA,NA,NA,NA,NA,NA,NA
"1687","E","7",1183,"Resaz_plate2_low_T3_260320_1653","T3","2","E7",2026-07-13 16:53:00,20260320,"26C","plate2_low",NA,NA,NA,NA,NA,NA,NA,NA
"1688","E","8",1191,"Resaz_plate2_low_T3_260320_1653","T3","2","E8",2026-07-13 16:53:00,20260320,"26C","plate2_low",NA,NA,NA,NA,NA,NA,NA,NA
"1689","E","9",3554,"Resaz_plate2_low_T3_260320_1653","T3","2","E9",2026-07-13 16:53:00,20260320,"26C","plate2_low",NA,NA,NA,NA,NA,NA,NA,NA
"1690","E","10",1157,"Resaz_plate2_low_T3_260320_1653","T3","2","E10",2026-07-13 16:53:00,20260320,"26C","plate2_low",NA,NA,NA,NA,NA,NA,NA,NA
"1691","E","11",1318,"Resaz_plate2_low_T3_260320_1653","T3","2","E11",2026-07-13 16:53:00,20260320,"26C","plate2_low",NA,NA,NA,NA,NA,NA,NA,NA
"1692","E","12",3506,"Resaz_plate2_low_T3_260320_1653","T3","2","E12",2026-07-13 16:53:00,20260320,"26C","plate2_low",NA,NA,NA,NA,NA,NA,NA,NA
"1693","F","1",946,"Resaz_plate2_low_T3_260320_1653","T3","2","F1",2026-07-13 16:53:00,20260320,"26C","plate2_low",NA,NA,NA,NA,NA,NA,NA,NA
"1694","F","2",3563,"Resaz_plate2_low_T3_260320_1653","T3","2","F2",2026-07-13 16:53:00,20260320,"26C","plate2_low",NA,NA,NA,NA,NA,NA,NA,NA
"1695","F","3",991,"Resaz_plate2_low_T3_260320_1653","T3","2","F3",2026-07-13 16:53:00,20260320,"26C","plate2_low",NA,NA,NA,NA,NA,NA,NA,NA
"1696","F","4",1352,"Resaz_plate2_low_T3_260320_1653","T3","2","F4",2026-07-13 16:53:00,20260320,"26C","plate2_low",NA,NA,NA,NA,NA,NA,NA,NA
"1697","F","5",3559,"Resaz_plate2_low_T3_260320_1653","T3","2","F5",2026-07-13 16:53:00,20260320,"26C","plate2_low",NA,NA,NA,NA,NA,NA,NA,NA
"1698","F","6",1107,"Resaz_plate2_low_T3_260320_1653","T3","2","F6",2026-07-13 16:53:00,20260320,"26C","plate2_low",NA,NA,NA,NA,NA,NA,NA,NA
"1699","F","7",2342,"Resaz_plate2_low_T3_260320_1653","T3","2","F7",2026-07-13 16:53:00,20260320,"26C","plate2_low",NA,NA,NA,NA,NA,NA,NA,NA
"1700","F","8",1135,"Resaz_plate2_low_T3_260320_1653","T3","2","F8",2026-07-13 16:53:00,20260320,"26C","plate2_low",NA,NA,NA,NA,NA,NA,NA,NA
"1701","F","9",3562,"Resaz_plate2_low_T3_260320_1653","T3","2","F9",2026-07-13 16:53:00,20260320,"26C","plate2_low",NA,NA,NA,NA,NA,NA,NA,NA
"1702","F","10",1038,"Resaz_plate2_low_T3_260320_1653","T3","2","F10",2026-07-13 16:53:00,20260320,"26C","plate2_low",NA,NA,NA,NA,NA,NA,NA,NA
"1703","F","11",1171,"Resaz_plate2_low_T3_260320_1653","T3","2","F11",2026-07-13 16:53:00,20260320,"26C","plate2_low",NA,NA,NA,NA,NA,NA,NA,NA
"1704","F","12",1094,"Resaz_plate2_low_T3_260320_1653","T3","2","F12",2026-07-13 16:53:00,20260320,"26C","plate2_low",NA,NA,NA,NA,NA,NA,NA,NA
"1705","G","1",938,"Resaz_plate2_low_T3_260320_1653","T3","2","G1",2026-07-13 16:53:00,20260320,"26C","plate2_low",NA,NA,NA,NA,NA,NA,NA,NA
"1706","G","2",1208,"Resaz_plate2_low_T3_260320_1653","T3","2","G2",2026-07-13 16:53:00,20260320,"26C","plate2_low",NA,NA,NA,NA,NA,NA,NA,NA
"1707","G","3",3545,"Resaz_plate2_low_T3_260320_1653","T3","2","G3",2026-07-13 16:53:00,20260320,"26C","plate2_low",NA,NA,NA,NA,NA,NA,NA,NA
"1708","G","4",1233,"Resaz_plate2_low_T3_260320_1653","T3","2","G4",2026-07-13 16:53:00,20260320,"26C","plate2_low",NA,NA,NA,NA,NA,NA,NA,NA
"1709","G","5",3555,"Resaz_plate2_low_T3_260320_1653","T3","2","G5",2026-07-13 16:53:00,20260320,"26C","plate2_low",NA,NA,NA,NA,NA,NA,NA,NA
"1710","G","6",1087,"Resaz_plate2_low_T3_260320_1653","T3","2","G6",2026-07-13 16:53:00,20260320,"26C","plate2_low",NA,NA,NA,NA,NA,NA,NA,NA
"1711","G","7",1218,"Resaz_plate2_low_T3_260320_1653","T3","2","G7",2026-07-13 16:53:00,20260320,"26C","plate2_low",NA,NA,NA,NA,NA,NA,NA,NA
"1712","G","8",3564,"Resaz_plate2_low_T3_260320_1653","T3","2","G8",2026-07-13 16:53:00,20260320,"26C","plate2_low",NA,NA,NA,NA,NA,NA,NA,NA
"1713","G","9",3535,"Resaz_plate2_low_T3_260320_1653","T3","2","G9",2026-07-13 16:53:00,20260320,"26C","plate2_low",NA,NA,NA,NA,NA,NA,NA,NA
"1714","G","10",1165,"Resaz_plate2_low_T3_260320_1653","T3","2","G10",2026-07-13 16:53:00,20260320,"26C","plate2_low",NA,NA,NA,NA,NA,NA,NA,NA
"1715","G","11",1160,"Resaz_plate2_low_T3_260320_1653","T3","2","G11",2026-07-13 16:53:00,20260320,"26C","plate2_low",NA,NA,NA,NA,NA,NA,NA,NA
"1716","G","12",1296,"Resaz_plate2_low_T3_260320_1653","T3","2","G12",2026-07-13 16:53:00,20260320,"26C","plate2_low",NA,NA,NA,NA,NA,NA,NA,NA
"1717","H","1",835,"Resaz_plate2_low_T3_260320_1653","T3","2","H1",2026-07-13 16:53:00,20260320,"26C","plate2_low",NA,NA,NA,NA,NA,NA,NA,NA
"1718","H","2",984,"Resaz_plate2_low_T3_260320_1653","T3","2","H2",2026-07-13 16:53:00,20260320,"26C","plate2_low",NA,NA,NA,NA,NA,NA,NA,NA
"1719","H","3",972,"Resaz_plate2_low_T3_260320_1653","T3","2","H3",2026-07-13 16:53:00,20260320,"26C","plate2_low",NA,NA,NA,NA,NA,NA,NA,NA
"1720","H","4",1094,"Resaz_plate2_low_T3_260320_1653","T3","2","H4",2026-07-13 16:53:00,20260320,"26C","plate2_low",NA,NA,NA,NA,NA,NA,NA,NA
"1721","H","5",1034,"Resaz_plate2_low_T3_260320_1653","T3","2","H5",2026-07-13 16:53:00,20260320,"26C","plate2_low",NA,NA,NA,NA,NA,NA,NA,NA
"1722","H","6",1133,"Resaz_plate2_low_T3_260320_1653","T3","2","H6",2026-07-13 16:53:00,20260320,"26C","plate2_low",NA,NA,NA,NA,NA,NA,NA,NA
"1723","H","7",1089,"Resaz_plate2_low_T3_260320_1653","T3","2","H7",2026-07-13 16:53:00,20260320,"26C","plate2_low",NA,NA,NA,NA,NA,NA,NA,NA
"1724","H","8",1112,"Resaz_plate2_low_T3_260320_1653","T3","2","H8",2026-07-13 16:53:00,20260320,"26C","plate2_low",NA,NA,NA,NA,NA,NA,NA,NA
"1725","H","9",1075,"Resaz_plate2_low_T3_260320_1653","T3","2","H9",2026-07-13 16:53:00,20260320,"26C","plate2_low",NA,NA,NA,NA,NA,NA,NA,NA
"1726","H","10",1015,"Resaz_plate2_low_T3_260320_1653","T3","2","H10",2026-07-13 16:53:00,20260320,"26C","plate2_low",NA,NA,NA,NA,NA,NA,NA,NA
"1727","H","11",1012,"Resaz_plate2_low_T3_260320_1653","T3","2","H11",2026-07-13 16:53:00,20260320,"26C","plate2_low",NA,NA,NA,NA,NA,NA,NA,NA
"1728","H","12",1003,"Resaz_plate2_low_T3_260320_1653","T3","2","H12",2026-07-13 16:53:00,20260320,"26C","plate2_low",NA,NA,NA,NA,NA,NA,NA,NA
"1729","A","1",1058,"Resaz_plate2_low_T4_260320_1754","T4","2","A1",2026-07-13 17:54:00,20260320,"26C","plate2_low",NA,NA,NA,NA,NA,NA,NA,NA
"1730","A","2",1269,"Resaz_plate2_low_T4_260320_1754","T4","2","A2",2026-07-13 17:54:00,20260320,"26C","plate2_low",NA,NA,NA,NA,NA,NA,NA,NA
"1731","A","3",942,"Resaz_plate2_low_T4_260320_1754","T4","2","A3",2026-07-13 17:54:00,20260320,"26C","plate2_low",NA,NA,NA,NA,NA,NA,NA,NA
"1732","A","4",1284,"Resaz_plate2_low_T4_260320_1754","T4","2","A4",2026-07-13 17:54:00,20260320,"26C","plate2_low",NA,NA,NA,NA,NA,NA,NA,NA
"1733","A","5",1209,"Resaz_plate2_low_T4_260320_1754","T4","2","A5",2026-07-13 17:54:00,20260320,"26C","plate2_low",NA,NA,NA,NA,NA,NA,NA,NA
"1734","A","6",1202,"Resaz_plate2_low_T4_260320_1754","T4","2","A6",2026-07-13 17:54:00,20260320,"26C","plate2_low",NA,NA,NA,NA,NA,NA,NA,NA
"1735","A","7",1089,"Resaz_plate2_low_T4_260320_1754","T4","2","A7",2026-07-13 17:54:00,20260320,"26C","plate2_low",NA,NA,NA,NA,NA,NA,NA,NA
"1736","A","8",1065,"Resaz_plate2_low_T4_260320_1754","T4","2","A8",2026-07-13 17:54:00,20260320,"26C","plate2_low",NA,NA,NA,NA,NA,NA,NA,NA
"1737","A","9",1097,"Resaz_plate2_low_T4_260320_1754","T4","2","A9",2026-07-13 17:54:00,20260320,"26C","plate2_low",NA,NA,NA,NA,NA,NA,NA,NA
"1738","A","10",1529,"Resaz_plate2_low_T4_260320_1754","T4","2","A10",2026-07-13 17:54:00,20260320,"26C","plate2_low",NA,NA,NA,NA,NA,NA,NA,NA
"1739","A","11",1480,"Resaz_plate2_low_T4_260320_1754","T4","2","A11",2026-07-13 17:54:00,20260320,"26C","plate2_low",NA,NA,NA,NA,NA,NA,NA,NA
"1740","A","12",1655,"Resaz_plate2_low_T4_260320_1754","T4","2","A12",2026-07-13 17:54:00,20260320,"26C","plate2_low",NA,NA,NA,NA,NA,NA,NA,NA
"1741","B","1",998,"Resaz_plate2_low_T4_260320_1754","T4","2","B1",2026-07-13 17:54:00,20260320,"26C","plate2_low",NA,NA,NA,NA,NA,NA,NA,NA
"1742","B","2",1219,"Resaz_plate2_low_T4_260320_1754","T4","2","B2",2026-07-13 17:54:00,20260320,"26C","plate2_low",NA,NA,NA,NA,NA,NA,NA,NA
"1743","B","3",3532,"Resaz_plate2_low_T4_260320_1754","T4","2","B3",2026-07-13 17:54:00,20260320,"26C","plate2_low",NA,NA,NA,NA,NA,NA,NA,NA
"1744","B","4",1143,"Resaz_plate2_low_T4_260320_1754","T4","2","B4",2026-07-13 17:54:00,20260320,"26C","plate2_low",NA,NA,NA,NA,NA,NA,NA,NA
"1745","B","5",1182,"Resaz_plate2_low_T4_260320_1754","T4","2","B5",2026-07-13 17:54:00,20260320,"26C","plate2_low",NA,NA,NA,NA,NA,NA,NA,NA
"1746","B","6",1237,"Resaz_plate2_low_T4_260320_1754","T4","2","B6",2026-07-13 17:54:00,20260320,"26C","plate2_low",NA,NA,NA,NA,NA,NA,NA,NA
"1747","B","7",1176,"Resaz_plate2_low_T4_260320_1754","T4","2","B7",2026-07-13 17:54:00,20260320,"26C","plate2_low",NA,NA,NA,NA,NA,NA,NA,NA
"1748","B","8",3568,"Resaz_plate2_low_T4_260320_1754","T4","2","B8",2026-07-13 17:54:00,20260320,"26C","plate2_low",NA,NA,NA,NA,NA,NA,NA,NA
"1749","B","9",1028,"Resaz_plate2_low_T4_260320_1754","T4","2","B9",2026-07-13 17:54:00,20260320,"26C","plate2_low",NA,NA,NA,NA,NA,NA,NA,NA
"1750","B","10",1916,"Resaz_plate2_low_T4_260320_1754","T4","2","B10",2026-07-13 17:54:00,20260320,"26C","plate2_low",NA,NA,NA,NA,NA,NA,NA,NA
"1751","B","11",3421,"Resaz_plate2_low_T4_260320_1754","T4","2","B11",2026-07-13 17:54:00,20260320,"26C","plate2_low",NA,NA,NA,NA,NA,NA,NA,NA
"1752","B","12",3498,"Resaz_plate2_low_T4_260320_1754","T4","2","B12",2026-07-13 17:54:00,20260320,"26C","plate2_low",NA,NA,NA,NA,NA,NA,NA,NA
"1753","C","1",981,"Resaz_plate2_low_T4_260320_1754","T4","2","C1",2026-07-13 17:54:00,20260320,"26C","plate2_low",NA,NA,NA,NA,NA,NA,NA,NA
"1754","C","2",1337,"Resaz_plate2_low_T4_260320_1754","T4","2","C2",2026-07-13 17:54:00,20260320,"26C","plate2_low",NA,NA,NA,NA,NA,NA,NA,NA
"1755","C","3",1140,"Resaz_plate2_low_T4_260320_1754","T4","2","C3",2026-07-13 17:54:00,20260320,"26C","plate2_low",NA,NA,NA,NA,NA,NA,NA,NA
"1756","C","4",1290,"Resaz_plate2_low_T4_260320_1754","T4","2","C4",2026-07-13 17:54:00,20260320,"26C","plate2_low",NA,NA,NA,NA,NA,NA,NA,NA
"1757","C","5",1259,"Resaz_plate2_low_T4_260320_1754","T4","2","C5",2026-07-13 17:54:00,20260320,"26C","plate2_low",NA,NA,NA,NA,NA,NA,NA,NA
"1758","C","6",1195,"Resaz_plate2_low_T4_260320_1754","T4","2","C6",2026-07-13 17:54:00,20260320,"26C","plate2_low",NA,NA,NA,NA,NA,NA,NA,NA
"1759","C","7",1341,"Resaz_plate2_low_T4_260320_1754","T4","2","C7",2026-07-13 17:54:00,20260320,"26C","plate2_low",NA,NA,NA,NA,NA,NA,NA,NA
"1760","C","8",2487,"Resaz_plate2_low_T4_260320_1754","T4","2","C8",2026-07-13 17:54:00,20260320,"26C","plate2_low",NA,NA,NA,NA,NA,NA,NA,NA
"1761","C","9",978,"Resaz_plate2_low_T4_260320_1754","T4","2","C9",2026-07-13 17:54:00,20260320,"26C","plate2_low",NA,NA,NA,NA,NA,NA,NA,NA
"1762","C","10",1205,"Resaz_plate2_low_T4_260320_1754","T4","2","C10",2026-07-13 17:54:00,20260320,"26C","plate2_low",NA,NA,NA,NA,NA,NA,NA,NA
"1763","C","11",1265,"Resaz_plate2_low_T4_260320_1754","T4","2","C11",2026-07-13 17:54:00,20260320,"26C","plate2_low",NA,NA,NA,NA,NA,NA,NA,NA
"1764","C","12",3504,"Resaz_plate2_low_T4_260320_1754","T4","2","C12",2026-07-13 17:54:00,20260320,"26C","plate2_low",NA,NA,NA,NA,NA,NA,NA,NA
"1765","D","1",884,"Resaz_plate2_low_T4_260320_1754","T4","2","D1",2026-07-13 17:54:00,20260320,"26C","plate2_low",NA,NA,NA,NA,NA,NA,NA,NA
"1766","D","2",1294,"Resaz_plate2_low_T4_260320_1754","T4","2","D2",2026-07-13 17:54:00,20260320,"26C","plate2_low",NA,NA,NA,NA,NA,NA,NA,NA
"1767","D","3",3553,"Resaz_plate2_low_T4_260320_1754","T4","2","D3",2026-07-13 17:54:00,20260320,"26C","plate2_low",NA,NA,NA,NA,NA,NA,NA,NA
"1768","D","4",1099,"Resaz_plate2_low_T4_260320_1754","T4","2","D4",2026-07-13 17:54:00,20260320,"26C","plate2_low",NA,NA,NA,NA,NA,NA,NA,NA
"1769","D","5",1361,"Resaz_plate2_low_T4_260320_1754","T4","2","D5",2026-07-13 17:54:00,20260320,"26C","plate2_low",NA,NA,NA,NA,NA,NA,NA,NA
"1770","D","6",3579,"Resaz_plate2_low_T4_260320_1754","T4","2","D6",2026-07-13 17:54:00,20260320,"26C","plate2_low",NA,NA,NA,NA,NA,NA,NA,NA
"1771","D","7",1318,"Resaz_plate2_low_T4_260320_1754","T4","2","D7",2026-07-13 17:54:00,20260320,"26C","plate2_low",NA,NA,NA,NA,NA,NA,NA,NA
"1772","D","8",1121,"Resaz_plate2_low_T4_260320_1754","T4","2","D8",2026-07-13 17:54:00,20260320,"26C","plate2_low",NA,NA,NA,NA,NA,NA,NA,NA
"1773","D","9",3576,"Resaz_plate2_low_T4_260320_1754","T4","2","D9",2026-07-13 17:54:00,20260320,"26C","plate2_low",NA,NA,NA,NA,NA,NA,NA,NA
"1774","D","10",1193,"Resaz_plate2_low_T4_260320_1754","T4","2","D10",2026-07-13 17:54:00,20260320,"26C","plate2_low",NA,NA,NA,NA,NA,NA,NA,NA
"1775","D","11",1259,"Resaz_plate2_low_T4_260320_1754","T4","2","D11",2026-07-13 17:54:00,20260320,"26C","plate2_low",NA,NA,NA,NA,NA,NA,NA,NA
"1776","D","12",3468,"Resaz_plate2_low_T4_260320_1754","T4","2","D12",2026-07-13 17:54:00,20260320,"26C","plate2_low",NA,NA,NA,NA,NA,NA,NA,NA
"1777","E","1",987,"Resaz_plate2_low_T4_260320_1754","T4","2","E1",2026-07-13 17:54:00,20260320,"26C","plate2_low",NA,NA,NA,NA,NA,NA,NA,NA
"1778","E","2",1318,"Resaz_plate2_low_T4_260320_1754","T4","2","E2",2026-07-13 17:54:00,20260320,"26C","plate2_low",NA,NA,NA,NA,NA,NA,NA,NA
"1779","E","3",1047,"Resaz_plate2_low_T4_260320_1754","T4","2","E3",2026-07-13 17:54:00,20260320,"26C","plate2_low",NA,NA,NA,NA,NA,NA,NA,NA
"1780","E","4",1363,"Resaz_plate2_low_T4_260320_1754","T4","2","E4",2026-07-13 17:54:00,20260320,"26C","plate2_low",NA,NA,NA,NA,NA,NA,NA,NA
"1781","E","5",1410,"Resaz_plate2_low_T4_260320_1754","T4","2","E5",2026-07-13 17:54:00,20260320,"26C","plate2_low",NA,NA,NA,NA,NA,NA,NA,NA
"1782","E","6",1271,"Resaz_plate2_low_T4_260320_1754","T4","2","E6",2026-07-13 17:54:00,20260320,"26C","plate2_low",NA,NA,NA,NA,NA,NA,NA,NA
"1783","E","7",1235,"Resaz_plate2_low_T4_260320_1754","T4","2","E7",2026-07-13 17:54:00,20260320,"26C","plate2_low",NA,NA,NA,NA,NA,NA,NA,NA
"1784","E","8",1242,"Resaz_plate2_low_T4_260320_1754","T4","2","E8",2026-07-13 17:54:00,20260320,"26C","plate2_low",NA,NA,NA,NA,NA,NA,NA,NA
"1785","E","9",3579,"Resaz_plate2_low_T4_260320_1754","T4","2","E9",2026-07-13 17:54:00,20260320,"26C","plate2_low",NA,NA,NA,NA,NA,NA,NA,NA
"1786","E","10",1221,"Resaz_plate2_low_T4_260320_1754","T4","2","E10",2026-07-13 17:54:00,20260320,"26C","plate2_low",NA,NA,NA,NA,NA,NA,NA,NA
"1787","E","11",1382,"Resaz_plate2_low_T4_260320_1754","T4","2","E11",2026-07-13 17:54:00,20260320,"26C","plate2_low",NA,NA,NA,NA,NA,NA,NA,NA
"1788","E","12",3523,"Resaz_plate2_low_T4_260320_1754","T4","2","E12",2026-07-13 17:54:00,20260320,"26C","plate2_low",NA,NA,NA,NA,NA,NA,NA,NA
"1789","F","1",971,"Resaz_plate2_low_T4_260320_1754","T4","2","F1",2026-07-13 17:54:00,20260320,"26C","plate2_low",NA,NA,NA,NA,NA,NA,NA,NA
"1790","F","2",3581,"Resaz_plate2_low_T4_260320_1754","T4","2","F2",2026-07-13 17:54:00,20260320,"26C","plate2_low",NA,NA,NA,NA,NA,NA,NA,NA
"1791","F","3",1035,"Resaz_plate2_low_T4_260320_1754","T4","2","F3",2026-07-13 17:54:00,20260320,"26C","plate2_low",NA,NA,NA,NA,NA,NA,NA,NA
"1792","F","4",1439,"Resaz_plate2_low_T4_260320_1754","T4","2","F4",2026-07-13 17:54:00,20260320,"26C","plate2_low",NA,NA,NA,NA,NA,NA,NA,NA
"1793","F","5",3581,"Resaz_plate2_low_T4_260320_1754","T4","2","F5",2026-07-13 17:54:00,20260320,"26C","plate2_low",NA,NA,NA,NA,NA,NA,NA,NA
"1794","F","6",1170,"Resaz_plate2_low_T4_260320_1754","T4","2","F6",2026-07-13 17:54:00,20260320,"26C","plate2_low",NA,NA,NA,NA,NA,NA,NA,NA
"1795","F","7",2446,"Resaz_plate2_low_T4_260320_1754","T4","2","F7",2026-07-13 17:54:00,20260320,"26C","plate2_low",NA,NA,NA,NA,NA,NA,NA,NA
"1796","F","8",1204,"Resaz_plate2_low_T4_260320_1754","T4","2","F8",2026-07-13 17:54:00,20260320,"26C","plate2_low",NA,NA,NA,NA,NA,NA,NA,NA
"1797","F","9",3584,"Resaz_plate2_low_T4_260320_1754","T4","2","F9",2026-07-13 17:54:00,20260320,"26C","plate2_low",NA,NA,NA,NA,NA,NA,NA,NA
"1798","F","10",1097,"Resaz_plate2_low_T4_260320_1754","T4","2","F10",2026-07-13 17:54:00,20260320,"26C","plate2_low",NA,NA,NA,NA,NA,NA,NA,NA
"1799","F","11",1222,"Resaz_plate2_low_T4_260320_1754","T4","2","F11",2026-07-13 17:54:00,20260320,"26C","plate2_low",NA,NA,NA,NA,NA,NA,NA,NA
"1800","F","12",1121,"Resaz_plate2_low_T4_260320_1754","T4","2","F12",2026-07-13 17:54:00,20260320,"26C","plate2_low",NA,NA,NA,NA,NA,NA,NA,NA
"1801","G","1",962,"Resaz_plate2_low_T4_260320_1754","T4","2","G1",2026-07-13 17:54:00,20260320,"26C","plate2_low",NA,NA,NA,NA,NA,NA,NA,NA
"1802","G","2",1293,"Resaz_plate2_low_T4_260320_1754","T4","2","G2",2026-07-13 17:54:00,20260320,"26C","plate2_low",NA,NA,NA,NA,NA,NA,NA,NA
"1803","G","3",3575,"Resaz_plate2_low_T4_260320_1754","T4","2","G3",2026-07-13 17:54:00,20260320,"26C","plate2_low",NA,NA,NA,NA,NA,NA,NA,NA
"1804","G","4",1342,"Resaz_plate2_low_T4_260320_1754","T4","2","G4",2026-07-13 17:54:00,20260320,"26C","plate2_low",NA,NA,NA,NA,NA,NA,NA,NA
"1805","G","5",3579,"Resaz_plate2_low_T4_260320_1754","T4","2","G5",2026-07-13 17:54:00,20260320,"26C","plate2_low",NA,NA,NA,NA,NA,NA,NA,NA
"1806","G","6",1185,"Resaz_plate2_low_T4_260320_1754","T4","2","G6",2026-07-13 17:54:00,20260320,"26C","plate2_low",NA,NA,NA,NA,NA,NA,NA,NA
"1807","G","7",1307,"Resaz_plate2_low_T4_260320_1754","T4","2","G7",2026-07-13 17:54:00,20260320,"26C","plate2_low",NA,NA,NA,NA,NA,NA,NA,NA
"1808","G","8",3577,"Resaz_plate2_low_T4_260320_1754","T4","2","G8",2026-07-13 17:54:00,20260320,"26C","plate2_low",NA,NA,NA,NA,NA,NA,NA,NA
"1809","G","9",3563,"Resaz_plate2_low_T4_260320_1754","T4","2","G9",2026-07-13 17:54:00,20260320,"26C","plate2_low",NA,NA,NA,NA,NA,NA,NA,NA
"1810","G","10",1253,"Resaz_plate2_low_T4_260320_1754","T4","2","G10",2026-07-13 17:54:00,20260320,"26C","plate2_low",NA,NA,NA,NA,NA,NA,NA,NA
"1811","G","11",1220,"Resaz_plate2_low_T4_260320_1754","T4","2","G11",2026-07-13 17:54:00,20260320,"26C","plate2_low",NA,NA,NA,NA,NA,NA,NA,NA
"1812","G","12",1339,"Resaz_plate2_low_T4_260320_1754","T4","2","G12",2026-07-13 17:54:00,20260320,"26C","plate2_low",NA,NA,NA,NA,NA,NA,NA,NA
"1813","H","1",879,"Resaz_plate2_low_T4_260320_1754","T4","2","H1",2026-07-13 17:54:00,20260320,"26C","plate2_low",NA,NA,NA,NA,NA,NA,NA,NA
"1814","H","2",1051,"Resaz_plate2_low_T4_260320_1754","T4","2","H2",2026-07-13 17:54:00,20260320,"26C","plate2_low",NA,NA,NA,NA,NA,NA,NA,NA
"1815","H","3",1061,"Resaz_plate2_low_T4_260320_1754","T4","2","H3",2026-07-13 17:54:00,20260320,"26C","plate2_low",NA,NA,NA,NA,NA,NA,NA,NA
"1816","H","4",1210,"Resaz_plate2_low_T4_260320_1754","T4","2","H4",2026-07-13 17:54:00,20260320,"26C","plate2_low",NA,NA,NA,NA,NA,NA,NA,NA
"1817","H","5",1167,"Resaz_plate2_low_T4_260320_1754","T4","2","H5",2026-07-13 17:54:00,20260320,"26C","plate2_low",NA,NA,NA,NA,NA,NA,NA,NA
"1818","H","6",1275,"Resaz_plate2_low_T4_260320_1754","T4","2","H6",2026-07-13 17:54:00,20260320,"26C","plate2_low",NA,NA,NA,NA,NA,NA,NA,NA
"1819","H","7",1227,"Resaz_plate2_low_T4_260320_1754","T4","2","H7",2026-07-13 17:54:00,20260320,"26C","plate2_low",NA,NA,NA,NA,NA,NA,NA,NA
"1820","H","8",1248,"Resaz_plate2_low_T4_260320_1754","T4","2","H8",2026-07-13 17:54:00,20260320,"26C","plate2_low",NA,NA,NA,NA,NA,NA,NA,NA
"1821","H","9",1187,"Resaz_plate2_low_T4_260320_1754","T4","2","H9",2026-07-13 17:54:00,20260320,"26C","plate2_low",NA,NA,NA,NA,NA,NA,NA,NA
"1822","H","10",1098,"Resaz_plate2_low_T4_260320_1754","T4","2","H10",2026-07-13 17:54:00,20260320,"26C","plate2_low",NA,NA,NA,NA,NA,NA,NA,NA
"1823","H","11",1066,"Resaz_plate2_low_T4_260320_1754","T4","2","H11",2026-07-13 17:54:00,20260320,"26C","plate2_low",NA,NA,NA,NA,NA,NA,NA,NA
"1824","H","12",1035,"Resaz_plate2_low_T4_260320_1754","T4","2","H12",2026-07-13 17:54:00,20260320,"26C","plate2_low",NA,NA,NA,NA,NA,NA,NA,NA
